episode,clearing_price_last,cap_last,entropy_coef,shaping_weight,entropy_decay_triggered,active_agent,epsilon,reward_A1,green_frac_A1,delta_green_A1,penalty_A1,shortfall_A1,queue_size_A1,actor_loss_A1,critic_loss_A1,bid_price_A1,reward_A2,green_frac_A2,delta_green_A2,penalty_A2,shortfall_A2,queue_size_A2,actor_loss_A2,critic_loss_A2,bid_price_A2,reward_A3,green_frac_A3,delta_green_A3,penalty_A3,shortfall_A3,queue_size_A3,actor_loss_A3,critic_loss_A3,bid_price_A3,reward_A4,green_frac_A4,delta_green_A4,penalty_A4,shortfall_A4,queue_size_A4,actor_loss_A4,critic_loss_A4,bid_price_A4,reward_A5,green_frac_A5,delta_green_A5,penalty_A5,shortfall_A5,queue_size_A5,actor_loss_A5,critic_loss_A5,bid_price_A5,reward_A6,green_frac_A6,delta_green_A6,penalty_A6,shortfall_A6,queue_size_A6,actor_loss_A6,critic_loss_A6,bid_price_A6,reward_A7,green_frac_A7,delta_green_A7,penalty_A7,shortfall_A7,queue_size_A7,actor_loss_A7,critic_loss_A7,bid_price_A7,reward_A8,green_frac_A8,delta_green_A8,penalty_A8,shortfall_A8,queue_size_A8,actor_loss_A8,critic_loss_A8,bid_price_A8,secondary_volume,secondary_avg_price,secondary_match_rate,price_start,price_peak,price_std,mean_alloc_A1,mean_shock_A1,max_shock_A1,mean_cf_shock_A1,total_cancels_A1,total_holding_cost_A1,total_mac_reduction_A1,mean_alloc_A2,mean_shock_A2,max_shock_A2,mean_cf_shock_A2,total_cancels_A2,total_holding_cost_A2,total_mac_reduction_A2,mean_alloc_A3,mean_shock_A3,max_shock_A3,mean_cf_shock_A3,total_cancels_A3,total_holding_cost_A3,total_mac_reduction_A3,mean_alloc_A4,mean_shock_A4,max_shock_A4,mean_cf_shock_A4,total_cancels_A4,total_holding_cost_A4,total_mac_reduction_A4,mean_alloc_A5,mean_shock_A5,max_shock_A5,mean_cf_shock_A5,total_cancels_A5,total_holding_cost_A5,total_mac_reduction_A5,mean_alloc_A6,mean_shock_A6,max_shock_A6,mean_cf_shock_A6,total_cancels_A6,total_holding_cost_A6,total_mac_reduction_A6,mean_alloc_A7,mean_shock_A7,max_shock_A7,mean_cf_shock_A7,total_cancels_A7,total_holding_cost_A7,total_mac_reduction_A7,mean_alloc_A8,mean_shock_A8,max_shock_A8,mean_cf_shock_A8,total_cancels_A8,total_holding_cost_A8,total_mac_reduction_A8
0,60.0,20.5969860855,0.03,1.0,1,-1,0.25,-0.086,0.3127,0.11265,0.0,0.0,4.5,0.0,0.726943,312.68,0.0148,0.2601,0.06007,0.0,0.0,3.75,0.0,14.896931,180.47,-0.5389,0.4627,0.06274,129.115339,1.291153,2.75,0.0,3.687251,177.07,1.2914,0.5601,0.16015,0.0,0.0,3.0,0.0,8.439249,267.83,1.2707,0.8108,0.11079,0.0,0.0,4.25,0.0,13.680294,64.24,0.5278,0.7139,0.01392,0.0,0.0,2.25,0.0,2.20051,235.31,0.8875,0.9596,0.05963,0.0,0.0,2.75,0.0,9.452788,282.14,0.8965,0.9941,0.09408,4.633738,0.046337,3.0,0.0,2.602255,88.67,14.8133,66.89,1.0,60.0,60.0,0.0,4.8326,0.0,0.0,0.0,0,0.0,0.0,4.7208,0.0,0.0,0.0,0,0.0,0.0,2.0299,0.0,0.0,0.0,0,0.0,0.0,2.873,0.0,0.0,0.0,0,0.0,0.0,1.2602,0.0,0.0,0.0,0,0.0,0.0,2.3451,0.0,0.0,0.0,0,0.0,0.0,0.5711,0.0,0.0,0.0,0,0.0,0.0,0.6975,0.0,0.0,0.0,0,0.0,0.0
1,60.0,20.5969860855,0.03,0.9999,1,-1,0.25,-0.6726,0.2544,0.05436,0.0,0.0,3.5,0.0,1.003414,216.74,0.0606,0.242,0.04197,0.0,0.0,3.25,0.0,1.130378,60.83,1.4296,0.5893,0.18933,0.0,0.0,3.75,0.0,5.240523,257.43,0.7886,0.4981,0.09809,0.0,0.0,2.0,0.0,6.232613,101.62,1.3025,0.7393,0.03927,0.0,0.0,3.25,0.0,0.65201,121.27,1.5159,0.7916,0.09163,3.575297,0.035753,3.75,0.0,3.222708,194.07,0.8832,0.95,0.05,0.0,0.0,2.25,0.0,0.801791,178.44,0.8244,0.95,0.05,0.0,0.0,3.25,0.0,2.927704,299.91,12.2775,63.39,1.0,60.0,60.0,0.0,4.7781,0.0,0.0,0.0,0,0.0,0.0,3.6894,0.0,0.0,0.0,0,0.0,0.0,3.1797,0.0,0.0,0.0,0,0.0,0.0,2.9983,0.0,0.0,0.0,0,0.0,0.0,1.2386,0.0,0.0,0.0,0,0.0,0.0,1.4033,0.0,0.0,0.0,0,0.0,0.0,0.5421,0.0,0.0,0.0,0,0.0,0.0,0.5634,0.0,0.0,0.0,0,0.0,0.0
2,60.0,20.5969860855,0.03,0.9998,1,-1,0.2499,-0.7386,0.2547,0.05469,0.0,0.0,1.75,0.0,0.789214,124.3,-0.4504,0.2403,0.04027,0.0,0.0,2.5,0.0,0.46146,122.84,-2.4163,0.4622,0.06222,262.02973,2.620297,1.25,0.0,11.358154,70.53,1.9448,0.542,0.142,0.0,0.0,5.5,0.0,2.199202,195.42,-0.2924,0.8277,0.12771,124.150539,1.241505,2.0,0.0,2.462368,219.74,0.702,0.7476,0.04762,0.0,0.0,2.0,0.0,7.703571,235.7,0.8156,0.95,0.05,0.0,0.0,2.75,0.0,0.363889,214.46,0.4541,0.9127,0.01269,4.797828,0.047978,2.25,0.0,2.221675,185.75,12.8315,64.45,1.0,60.0,60.0,0.0,3.5707,0.0,0.0,0.0,0,0.0,0.0,3.3428,0.0,0.0,0.0,0,0.0,0.0,2.825,0.0,0.0,0.0,0,0.0,0.0,2.8861,0.0,0.0,0.0,0,0.0,0.0,1.7084,0.0,0.0,0.0,0,0.0,0.0,1.565,0.0,0.0,0.0,0,0.0,0.0,0.5311,0.0,0.0,0.0,0,0.0,0.0,0.5097,0.0,0.0,0.0,0,0.0,0.0
3,60.0,20.5969860855,0.03,0.9998,1,-1,0.2499,-1.3486,0.2718,0.0718,99.708294,0.997083,4.25,0.0,3.320947,122.18,-1.4481,0.2494,0.0494,0.0,0.0,1.75,0.0,5.070196,97.71,1.1735,0.4662,0.06622,0.0,0.0,5.75,0.0,6.566338,185.17,0.1808,0.5706,0.17057,102.648412,1.026484,2.25,0.0,10.237703,78.58,0.8599,0.8139,0.11389,0.0,0.0,2.5,0.0,2.321828,186.49,-0.501,0.7892,0.08924,144.914838,1.449148,3.25,0.0,22.687902,98.51,0.5313,0.9521,0.05207,0.0,0.0,1.0,0.0,0.865403,197.87,0.7715,0.9556,0.05556,0.0,0.0,1.75,0.0,4.517879,167.31,14.3167,59.29,1.0,60.0,60.0,0.0,4.0849,0.0,0.0,0.0,0,0.0,0.0,4.1348,0.0,0.0,0.0,0,0.0,0.0,3.2052,0.0,0.0,0.0,0,0.0,0.0,1.6878,0.0,0.0,0.0,0,0.0,0.0,1.8319,0.0,0.0,0.0,0,0.0,0.0,1.7127,0.0,0.0,0.0,0,0.0,0.0,0.469,0.0,0.0,0.0,0,0.0,0.0,0.6151,0.0,0.0,0.0,0,0.0,0.0
4,113.09950256347656,20.5969860855,0.03,0.9997,1,-1,0.2499,-0.4832,0.266,0.06603,0.0,0.0,1.75,0.0,3.182793,226.49,0.2186,0.3542,0.15424,0.0,0.0,2.0,0.0,7.143632,267.63,0.544,0.4629,0.06294,0.0,0.0,3.0,0.0,0.973892,361.53,0.6598,0.4819,0.08188,0.0,0.0,1.0,0.0,0.19809,242.37,0.8575,0.7518,0.05185,0.0,0.0,3.0,0.0,1.214329,137.56,0.1763,0.7346,0.03455,31.939901,0.319399,2.75,0.0,0.943208,188.35,0.1613,0.95,0.05,54.616971,0.54617,2.75,0.0,2.330508,246.63,-0.0153,0.9904,0.09042,64.010078,0.640101,1.75,0.0,4.750878,234.43,7.0715,79.13,1.0,60.0,113.1,22.99,3.5429,0.0,0.0,0.0,0,0.0,0.66,3.8727,0.0,0.0,0.0,0,0.0,0.66,3.3283,0.0,0.0,0.0,0,0.0,0.2873,2.4922,0.0,0.0,0.0,0,0.0,0.2248,1.9046,0.0,0.0,0.0,0,0.0,0.0,1.2741,0.0,0.0,0.0,0,0.0,0.051,0.8539,0.0,0.0,0.0,0,0.0,0.0,0.6425,0.0,0.0,0.0,0,0.0,0.0
5,97.42970275878906,20.5969860855,0.03,0.9996,1,-1,0.2499,-1.0912,0.2664,0.06636,0.0,0.0,4.25,0.0,0.232401,150.88,-2.5859,0.2921,0.09214,247.482628,2.474826,3.25,0.0,8.069294,114.0,0.8398,0.522,0.122,0.0,0.0,3.0,0.0,1.008164,113.48,0.5838,0.4682,0.06815,0.0,0.0,1.75,0.0,0.320425,118.5,0.0504,0.7847,0.08471,143.268182,1.432682,3.5,0.0,1.764271,238.5,1.291,0.7769,0.07693,0.0,0.0,3.25,0.0,1.930467,264.92,0.7494,0.9463,0.04627,0.0,0.0,2.25,0.0,5.118054,60.0,0.1824,0.9926,0.09256,69.881575,0.698816,1.75,0.0,0.919521,90.21,14.3938,73.23,1.0,60.0,97.43,16.21,3.8165,0.0,0.0,0.0,0,0.0,0.66,3.2528,0.0,0.0,0.0,0,0.0,0.66,3.6871,0.0,0.0,0.0,0,0.0,0.0924,2.0572,0.0,0.0,0.0,0,0.0,0.2701,1.9721,0.0,0.0,0.0,0,0.0,0.0,1.5624,0.0,0.0,0.0,0,0.0,0.0,0.3386,0.0,0.0,0.0,0,0.0,0.0,0.3821,0.0,0.0,0.0,0,0.0,0.0
6,60.0,20.5969860855,0.03,0.9995,1,-1,0.2498,-0.6038,0.372,0.17205,84.00099,0.84001,3.0,0.0,3.076842,263.5,-0.2721,0.258,0.058,0.0,0.0,1.75,0.0,3.256124,257.61,1.0137,0.5838,0.18383,0.0,0.0,2.5,0.0,1.252182,149.67,-0.5411,0.4426,0.04265,0.0,0.0,2.5,0.0,6.064691,308.55,-0.0011,0.7484,0.0484,99.555771,0.995558,1.75,0.0,1.075331,190.79,0.4658,0.78,0.08003,15.60648,0.156065,2.5,0.0,0.166906,129.43,0.3215,0.95,0.05,47.796094,0.477961,1.75,0.0,4.618019,322.99,0.5029,0.9637,0.06373,62.95696,0.62957,2.75,0.0,6.821307,112.55,18.8784,76.68,1.0,60.0,83.72,9.81,3.3913,0.0,0.0,0.0,0,0.0,0.66,3.5362,0.0,0.0,0.0,0,0.0,0.66,3.1149,0.0,0.0,0.0,0,0.0,0.2184,2.6687,0.0,0.0,0.0,0,0.0,0.3956,1.4776,0.0,0.0,0.0,0,0.0,0.0053,1.667,0.0,0.0,0.0,0,0.0,0.0329,0.612,0.0,0.0,0.0,0,0.0,0.0,0.4443,0.0,0.0,0.0,0,0.0,0.0
7,60.0,20.5969860855,0.03,0.9994,1,-1,0.2498,0.5003,0.3186,0.11865,0.0,0.0,2.75,0.0,7.346155,193.7,-0.2236,0.2379,0.03794,0.0,0.0,2.25,0.0,4.46008,270.01,0.4432,0.4642,0.06416,0.0,0.0,2.25,0.0,0.148,241.25,0.267,0.4612,0.06124,0.0,0.0,2.75,0.0,0.211627,174.12,1.3093,0.8569,0.15687,0.0,0.0,2.75,0.0,6.266136,123.36,1.2366,0.7753,0.07529,37.268972,0.37269,3.75,0.0,1.958696,167.52,0.0744,0.95,0.05,68.5,0.685,2.25,0.0,1.759013,179.39,0.2928,0.95,0.05,3.409339,0.034093,0.75,0.0,0.615539,150.61,9.658,68.99,1.0,60.0,77.09,7.4,2.7817,0.0,0.0,0.0,0,0.0,0.66,3.9308,0.0,0.0,0.0,0,0.0,0.66,2.8555,0.0,0.0,0.0,0,0.0,0.495,3.2387,0.0,0.0,0.0,0,0.0,0.3431,1.6966,0.0,0.0,0.0,0,0.0,0.0,1.6909,0.0,0.0,0.0,0,0.0,0.0,0.6654,0.0,0.0,0.0,0,0.0,0.0,0.4902,0.0,0.0,0.0,0,0.0,0.0
8,60.0,20.5969860855,0.03,0.9993,1,-1,0.2498,-1.8834,0.3133,0.11334,202.647064,2.026471,2.25,0.0,6.956707,318.19,-0.7937,0.2489,0.04894,0.0,0.0,2.25,0.0,2.775577,115.97,-0.0448,0.4385,0.03853,0.0,0.0,2.75,0.0,1.42422,211.87,-0.306,0.4142,0.01415,0.0,0.0,2.5,0.0,0.647248,89.97,-0.3275,0.8011,0.10112,112.298059,1.122981,1.5,0.0,1.939555,99.22,0.9252,0.7564,0.05645,0.0,0.0,2.5,0.0,0.65869,310.24,0.9244,0.9938,0.09377,0.0,0.0,2.25,0.0,6.961538,60.0,0.3543,0.9429,0.04289,0.0,0.0,2.0,0.0,2.797664,205.57,13.7762,69.37,1.0,60.0,60.0,0.0,3.3734,0.0,0.0,0.0,0,0.0,0.0,4.2829,0.0,0.0,0.0,0,0.0,0.0,4.164,0.0,0.0,0.0,0,0.0,0.0,2.7859,0.0,0.0,0.0,0,0.0,0.0,1.1402,0.0,0.0,0.0,0,0.0,0.0,1.6878,0.0,0.0,0.0,0,0.0,0.0,0.3357,0.0,0.0,0.0,0,0.0,0.0,0.2509,0.0,0.0,0.0,0,0.0,0.0
9,60.0,20.5969860855,0.03,0.9992,1,-1,0.2497,-0.5267,0.3055,0.10554,146.627498,1.466275,3.75,0.0,2.860466,156.35,1.2395,0.3695,0.16947,0.0,0.0,3.25,0.0,14.502796,226.15,0.3955,0.4473,0.04726,0.0,0.0,1.75,0.0,0.995077,259.07,0.4346,0.4812,0.08123,0.0,0.0,3.75,0.0,2.016777,319.54,0.1297,0.7391,0.03914,198.434966,1.98435,4.5,0.0,1.483276,154.73,-1.1457,0.7758,0.07577,161.307168,1.613072,0.5,0.0,22.33091,199.94,0.7191,0.9705,0.07053,0.0,0.0,2.5,0.0,2.247736,331.91,0.4988,1.0,0.1,0.0,0.0,1.5,0.0,0.899661,319.23,18.7492,63.77,1.0,60.0,60.0,0.0,2.9584,0.0,0.0,0.0,0,0.0,0.0,4.243,0.0,0.0,0.0,0,0.0,0.0,3.8016,0.0,0.0,0.0,0,0.0,0.0,3.7738,0.0,0.0,0.0,0,0.0,0.0,1.5732,0.0,0.0,0.0,0,0.0,0.0,1.0286,0.0,0.0,0.0,0,0.0,0.0,0.4538,0.0,0.0,0.0,0,0.0,0.0,0.3853,0.0,0.0,0.0,0,0.0,0.0
10,264.775634765625,20.5969860855,0.03,0.9992,1,-1,0.2497,-1.2986,0.2595,0.05946,0.0,0.0,4.0,0.0,3.46108,224.5,-3.3401,0.2556,0.05555,146.600195,1.466002,3.0,0.0,19.495948,371.18,-0.0117,0.4147,0.01468,0.0,0.0,3.25,0.0,1.213311,163.1,-0.1033,0.4174,0.01741,0.0,0.0,3.0,0.0,5.024593,200.14,1.7291,0.9006,0.20061,0.0,0.0,2.0,0.0,7.906968,143.68,-2.1173,0.7885,0.08848,378.504894,3.785049,3.25,0.0,23.009534,151.44,1.2012,1.0,0.1,63.927696,0.639277,4.0,0.0,6.698953,227.66,-0.6538,0.9406,0.04063,126.909211,1.269092,2.75,0.0,14.563773,167.21,16.1361,174.34,1.0,155.79,264.78,84.45,4.3796,0.0,0.0,0.0,0,0.0,1.32,3.8548,0.0,0.0,0.0,0,0.0,1.32,3.1088,0.0,0.0,0.0,0,0.0,0.9243,4.0612,0.0,0.0,0.0,0,0.0,0.9325,0.1589,0.0,0.0,0.0,0,0.0,0.0,1.5025,0.0,0.0,0.0,0,0.0,0.165,0.134,0.0,0.0,0.0,0,0.0,0.0,0.3185,0.0,0.0,0.0,0,0.0,0.0
11,96.98924255371094,20.5969860855,0.03,0.9991,1,-1,0.2497,-2.2179,0.2403,0.04027,138.485933,1.384859,2.75,0.0,3.207846,90.83,0.0698,0.2742,0.0742,0.0,0.0,4.0,0.0,3.014741,178.66,0.8965,0.4677,0.06772,0.0,0.0,3.25,0.0,0.769774,244.7,0.501,0.4563,0.05629,0.0,0.0,2.5,0.0,2.412374,220.13,1.2203,0.7814,0.08144,0.0,0.0,3.0,0.0,1.978026,220.36,1.1754,0.7674,0.06741,0.0,0.0,2.5,0.0,2.592503,96.36,0.7445,0.95,0.05,25.603486,0.256035,2.75,0.0,1.127961,126.45,0.0147,0.95,0.05,54.403624,0.544036,2.0,0.0,5.406307,101.6,13.1325,89.96,1.0,60.0,96.99,16.02,3.9663,0.0,0.0,0.0,0,0.0,0.66,4.1363,0.0,0.0,0.0,0,0.0,0.66,2.2936,0.0,0.0,0.0,0,0.0,0.2715,3.5349,0.0,0.0,0.0,0,0.0,0.3092,1.2421,0.0,0.0,0.0,0,0.0,0.0,1.588,0.0,0.0,0.0,0,0.0,0.0,0.3321,0.0,0.0,0.0,0,0.0,0.0,0.2747,0.0,0.0,0.0,0,0.0,0.0
12,60.0,20.5969860855,0.03,0.999,1,-1,0.2497,0.1427,0.2533,0.05331,0.0,0.0,3.5,0.0,7.322924,128.33,-0.0266,0.2876,0.08757,0.0,0.0,3.5,0.0,0.934591,202.95,-0.101,0.4405,0.04049,0.0,0.0,2.75,0.0,0.753991,126.34,0.8917,0.479,0.07903,0.0,0.0,2.75,0.0,2.758781,277.85,-0.8409,0.7618,0.06177,178.908682,1.789087,2.25,0.0,4.18041,184.65,1.0176,0.8,0.10005,0.0,0.0,2.75,0.0,1.724201,177.15,0.0823,0.95,0.05,82.674446,0.826744,2.0,0.0,9.478323,163.61,1.0952,0.9554,0.05538,0.0,0.0,2.75,0.0,8.209501,197.69,9.1988,56.83,1.0,60.0,60.0,0.0,4.4553,0.0,0.0,0.0,0,0.0,0.0,4.7593,0.0,0.0,0.0,0,0.0,0.0,3.0832,0.0,0.0,0.0,0,0.0,0.0,3.4413,0.0,0.0,0.0,0,0.0,0.0,1.5151,0.0,0.0,0.0,0,0.0,0.0,1.1931,0.0,0.0,0.0,0,0.0,0.0,0.3432,0.0,0.0,0.0,0,0.0,0.0,0.4376,0.0,0.0,0.0,0,0.0,0.0
13,60.0,20.5969860855,0.03,0.9989,1,-1,0.2496,0.3065,0.2506,0.05058,0.0,0.0,3.25,0.0,6.914718,114.08,1.0225,0.3877,0.18769,0.0,0.0,3.0,0.0,6.90158,154.41,0.8364,0.4327,0.03273,0.0,0.0,3.75,0.0,2.193889,220.03,0.6198,0.4552,0.05523,0.0,0.0,1.5,0.0,0.702616,170.0,1.5144,0.7576,0.05758,0.0,0.0,3.25,0.0,3.833306,173.64,0.6795,0.7808,0.08081,0.0,0.0,1.5,0.0,1.093788,143.27,1.0442,1.0,0.1,0.0,0.0,2.75,0.0,2.406504,193.79,0.7157,1.0,0.1,0.0,0.0,1.5,0.0,1.014635,140.6,10.5599,57.26,1.0,60.0,60.0,0.0,4.5449,0.0,0.0,0.0,0,0.0,0.0,4.4256,0.0,0.0,0.0,0,0.0,0.0,2.8898,0.0,0.0,0.0,0,0.0,0.0,2.0925,0.0,0.0,0.0,0,0.0,0.0,1.5617,0.0,0.0,0.0,0,0.0,0.0,1.4971,0.0,0.0,0.0,0,0.0,0.0,0.4695,0.0,0.0,0.0,0,0.0,0.0,0.2446,0.0,0.0,0.0,0,0.0,0.0
14,162.59730529785156,20.5969860855,0.03,0.9988,1,-1,0.2496,-0.3835,0.3119,0.11194,0.0,0.0,3.25,0.0,2.594115,256.21,-1.7943,0.237,0.03702,0.0,0.0,1.75,0.0,4.129126,243.29,1.4134,0.4919,0.09189,0.0,0.0,2.25,0.0,5.445881,258.4,-0.3904,0.4777,0.07766,125.833307,1.258333,4.75,0.0,1.409452,198.99,-2.5684,0.7,0.0,293.359816,2.933598,1.75,0.0,24.837742,331.6,1.9656,0.8547,0.15467,0.0,0.0,4.0,0.0,4.394058,188.45,0.5568,0.9915,0.09151,70.894979,0.70895,3.0,0.0,2.68313,237.81,0.4162,1.0,0.1,21.520421,0.215204,1.5,0.0,0.218584,123.92,14.2533,96.25,1.0,60.0,162.6,44.43,4.3814,0.0,0.0,0.0,0,0.0,0.66,3.752,0.0,0.0,0.0,0,0.0,0.66,1.991,0.0,0.0,0.0,0,0.0,0.1918,3.2253,0.0,0.0,0.0,0,0.0,0.2387,1.8646,0.0,0.0,0.0,0,0.0,0.165,1.611,0.0,0.0,0.0,0,0.0,0.0,0.2354,0.0,0.0,0.0,0,0.0,0.0,0.4649,0.0,0.0,0.0,0,0.0,0.0
15,60.0,20.5969860855,0.03,0.9988,1,-1,0.2496,1.3485,0.4019,0.2019,0.0,0.0,4.75,0.0,9.339464,72.5,0.1848,0.28,0.07997,0.0,0.0,4.0,0.0,0.380528,164.5,0.5713,0.4479,0.04787,0.0,0.0,2.75,0.0,0.095948,246.04,-1.1862,0.4562,0.05619,180.605802,1.806058,2.5,0.0,15.264027,262.1,0.686,0.7132,0.01317,0.0,0.0,2.25,0.0,0.608041,143.27,-1.221,0.7317,0.03167,162.114714,1.621147,1.75,0.0,9.280588,60.0,0.4742,0.9415,0.04154,0.0,0.0,2.0,0.0,0.896258,60.0,-0.7396,0.95,0.05,147.250502,1.472505,2.75,0.0,11.537754,276.91,18.0283,63.88,1.0,60.0,60.0,0.0,3.6127,0.0,0.0,0.0,0,0.0,0.0,2.8573,0.0,0.0,0.0,0,0.0,0.0,3.6198,0.0,0.0,0.0,0,0.0,0.0,2.4577,0.0,0.0,0.0,0,0.0,0.0,1.8899,0.0,0.0,0.0,0,0.0,0.0,2.2658,0.0,0.0,0.0,0,0.0,0.0,0.3307,0.0,0.0,0.0,0,0.0,0.0,0.5735,0.0,0.0,0.0,0,0.0,0.0
16,60.0,20.5969860855,0.03,0.9987,1,-1,0.2495,-0.6358,0.2573,0.0573,0.0,0.0,2.0,0.0,0.284554,189.35,0.5313,0.2986,0.09862,51.34765,0.513477,3.75,0.0,1.503341,193.61,0.5034,0.4677,0.06775,0.0,0.0,1.75,0.0,0.361198,229.7,-4.3647,0.4685,0.06851,465.39063,4.653906,1.5,0.0,59.022872,275.74,-0.4776,0.7906,0.09057,173.880517,1.738805,2.75,0.0,1.125522,194.92,1.5475,0.7697,0.06967,0.0,0.0,5.25,0.0,1.587259,193.31,0.1259,1.0,0.1,79.668329,0.796683,2.5,0.0,7.074135,285.28,0.3719,1.0,0.1,0.0,0.0,0.75,0.0,0.261814,177.48,15.3984,64.58,1.0,60.0,60.0,0.0,4.1341,0.0,0.0,0.0,0,0.0,0.0,3.7121,0.0,0.0,0.0,0,0.0,0.0,4.118,0.0,0.0,0.0,0,0.0,0.0,1.7355,0.0,0.0,0.0,0,0.0,0.0,2.1756,0.0,0.0,0.0,0,0.0,0.0,2.0543,0.0,0.0,0.0,0,0.0,0.0,0.3856,0.0,0.0,0.0,0,0.0,0.0,0.3989,0.0,0.0,0.0,0,0.0,0.0
17,60.0,20.5969860855,0.03,0.9986,1,-1,0.2495,0.4674,0.3079,0.10786,0.0,0.0,3.5,0.0,1.838238,133.61,-8.3595,0.2373,0.03731,750.788646,7.507886,2.75,0.0,100.260999,142.95,1.4354,0.5155,0.11552,0.0,0.0,3.0,0.0,1.372118,176.99,0.8368,0.4705,0.07051,0.0,0.0,1.5,0.0,1.852495,168.09,-1.4125,0.7729,0.07289,173.405976,1.73406,2.5,0.0,6.198801,268.95,1.211,0.854,0.15396,0.0,0.0,2.75,0.0,0.182742,110.52,0.4206,1.0,0.1,0.0,0.0,0.75,0.0,0.967387,202.06,0.8915,0.95,0.05,0.0,0.0,2.75,0.0,4.763779,231.47,15.3622,60.7,1.0,60.0,60.0,0.0,4.6238,0.0,0.0,0.0,0,0.0,0.0,3.1674,0.0,0.0,0.0,0,0.0,0.0,2.9145,0.0,0.0,0.0,0,0.0,0.0,3.6668,0.0,0.0,0.0,0,0.0,0.0,2.4551,0.0,0.0,0.0,0,0.0,0.0,1.0242,0.0,0.0,0.0,0,0.0,0.0,0.2431,0.0,0.0,0.0,0,0.0,0.0,0.5433,0.0,0.0,0.0,0,0.0,0.0
18,60.0,20.5969860855,0.03,0.9985,1,-1,0.2495,0.0023,0.3274,0.12739,0.0,0.0,3.0,0.0,0.678395,309.28,0.45,0.2953,0.09525,0.0,0.0,5.0,0.0,0.872575,224.9,-0.1127,0.4462,0.04616,0.0,0.0,1.75,0.0,7.636681,202.52,1.517,0.5312,0.13121,0.0,0.0,2.5,0.0,3.434002,271.95,1.2762,0.7464,0.04641,0.0,0.0,4.5,0.0,4.024249,229.53,0.8204,0.7545,0.05446,0.0,0.0,2.75,0.0,0.740269,139.86,0.1675,0.9429,0.04291,56.471051,0.564711,1.75,0.0,1.873469,188.03,-0.6275,0.9418,0.04183,124.470342,1.244703,1.75,0.0,7.717664,257.4,18.6712,66.03,1.0,60.0,60.0,0.0,3.9196,0.0,0.0,0.0,0,0.0,0.0,4.0587,0.0,0.0,0.0,0,0.0,0.0,3.6319,0.0,0.0,0.0,0,0.0,0.0,1.9364,0.0,0.0,0.0,0,0.0,0.0,0.9374,0.0,0.0,0.0,0,0.0,0.0,2.0588,0.0,0.0,0.0,0,0.0,0.0,0.6723,0.0,0.0,0.0,0,0.0,0.0,0.8205,0.0,0.0,0.0,0,0.0,0.0
19,60.0,20.5969860855,0.03,0.9984,1,-1,0.2495,-0.1371,0.252,0.05202,0.0,0.0,3.75,0.0,0.403498,222.2,0.4444,0.326,0.12595,0.0,0.0,4.25,0.0,0.49877,328.43,-1.5344,0.4615,0.06146,244.705885,2.447059,1.25,0.0,35.686254,185.21,-0.2332,0.455,0.05499,0.0,0.0,1.75,0.0,0.83523,170.32,0.2978,0.7259,0.02589,112.018934,1.120189,3.75,0.0,0.696089,60.0,0.2834,0.7244,0.02435,0.0,0.0,1.5,0.0,2.861676,249.82,0.2614,0.9074,0.0074,0.0,0.0,0.75,0.0,0.563026,209.28,0.5629,0.9739,0.07389,68.499999,0.685,3.25,0.0,2.007862,110.08,9.7659,77.59,0.75,60.0,72.07,5.22,4.46,0.0,0.0,0.0,0,0.0,0.66,4.1659,0.0,0.0,0.0,0,0.0,0.66,2.1174,0.0,0.0,0.0,0,0.0,0.2922,2.963,0.0,0.0,0.0,0,0.0,0.3135,1.4622,0.0,0.0,0.0,0,0.0,0.1048,1.7594,0.0,0.0,0.0,0,0.0,0.0846,0.928,0.0,0.0,0.0,0,0.0,0.0,0.671,0.0,0.0,0.0,0,0.0,0.0
20,60.0,20.5969860855,0.03,0.9983,1,-1,0.2494,-0.2566,0.2508,0.05083,0.0,0.0,2.75,0.0,0.06962,288.35,0.5979,0.2917,0.09171,0.0,0.0,3.0,0.0,0.399215,148.74,1.3538,0.538,0.13804,0.0,0.0,5.25,0.0,1.36901,193.92,0.0949,0.4949,0.0949,0.0,0.0,2.0,0.0,0.218422,71.02,-0.5051,0.7552,0.05515,107.08114,1.070811,1.25,0.0,3.858846,241.67,-0.255,0.7587,0.05875,125.006573,1.250066,1.75,0.0,5.60184,60.0,-0.0271,0.9,0.0,1.647315,0.016473,0.75,0.0,2.014228,88.44,0.9302,0.9982,0.09818,0.0,0.0,2.0,0.0,3.85738,201.45,12.5704,69.38,1.0,60.0,68.28,3.59,4.1863,0.0,0.0,0.0,0,0.0,0.66,3.8554,0.0,0.0,0.0,0,0.0,0.66,2.6851,0.0,0.0,0.0,0,0.0,0.0395,4.1095,0.0,0.0,0.0,0,0.0,0.4718,1.4424,0.0,0.0,0.0,0,0.0,0.0,0.9346,0.0,0.0,0.0,0,0.0,0.0382,0.5111,0.0,0.0,0.0,0,0.0,0.0,0.2621,0.0,0.0,0.0,0,0.0,0.0
21,60.0,20.5969860855,0.03,0.9982,1,-1,0.2494,0.0959,0.3223,0.12233,0.0,0.0,2.25,0.0,1.601769,258.24,-0.8782,0.2433,0.04327,0.0,0.0,2.5,0.0,1.552629,105.0,-0.2427,0.4,0.0,0.0,0.0,1.0,0.0,2.579269,185.28,1.0313,0.5493,0.14935,0.0,0.0,2.25,0.0,1.651284,159.89,0.4314,0.7431,0.04306,0.0,0.0,2.5,0.0,0.328461,249.51,-0.141,0.7788,0.07877,124.316833,1.243168,2.5,0.0,6.677823,127.41,1.1733,1.0,0.1,21.834204,0.218342,3.5,0.0,7.735096,214.73,1.2662,0.9902,0.09018,0.0,0.0,3.0,0.0,8.996757,207.54,10.7768,66.76,1.0,60.0,60.0,0.0,3.5373,0.0,0.0,0.0,0,0.0,0.0,3.4183,0.0,0.0,0.0,0,0.0,0.0,4.3878,0.0,0.0,0.0,0,0.0,0.0,2.8714,0.0,0.0,0.0,0,0.0,0.0,1.7428,0.0,0.0,0.0,0,0.0,0.0,1.0921,0.0,0.0,0.0,0,0.0,0.0,0.4834,0.0,0.0,0.0,0,0.0,0.0,0.4254,0.0,0.0,0.0,0,0.0,0.0
22,60.0,20.5969860855,0.03,0.9982,1,-1,0.2494,-1.3646,0.2292,0.02923,0.0,0.0,2.75,0.0,3.479165,218.46,0.0701,0.2476,0.04759,0.0,0.0,4.0,0.0,0.280289,265.01,0.5832,0.4551,0.0551,0.0,0.0,3.0,0.0,0.240025,94.36,-0.2895,0.4304,0.0304,0.0,0.0,1.25,0.0,0.511752,225.62,0.6862,0.7752,0.07522,67.301118,0.673011,3.75,0.0,1.01253,143.22,0.8909,0.7685,0.06852,0.0,0.0,3.0,0.0,0.249565,120.28,-0.2391,0.9981,0.09808,159.776823,1.597768,3.25,0.0,3.128397,235.32,-0.0193,0.9771,0.07706,86.182835,0.861828,1.75,0.0,5.489981,348.45,15.56,62.79,1.0,60.0,60.0,0.0,3.8798,0.0,0.0,0.0,0,0.0,0.0,3.2811,0.0,0.0,0.0,0,0.0,0.0,3.2789,0.0,0.0,0.0,0,0.0,0.0,3.4223,0.0,0.0,0.0,0,0.0,0.0,0.8758,0.0,0.0,0.0,0,0.0,0.0,1.5676,0.0,0.0,0.0,0,0.0,0.0,0.6565,0.0,0.0,0.0,0,0.0,0.0,0.5997,0.0,0.0,0.0,0,0.0,0.0
23,60.0,20.5969860855,0.03,0.9981,1,-1,0.2493,-0.3717,0.233,0.03299,6.524648,0.065246,3.0,0.0,0.450674,87.95,-0.2845,0.2844,0.08443,0.0,0.0,1.75,0.0,0.321709,68.06,-0.9238,0.4652,0.06518,149.6721,1.496721,2.5,0.0,5.703812,174.3,1.9814,0.5883,0.18834,0.0,0.0,4.75,0.0,3.941303,216.06,1.5045,0.7766,0.0766,0.0,0.0,3.25,0.0,2.992737,169.48,1.0233,0.8443,0.14429,0.0,0.0,2.0,0.0,0.430952,156.76,0.6418,0.95,0.05,0.0,0.0,1.5,0.0,2.151018,246.71,0.6583,0.9916,0.09165,29.873764,0.298738,2.25,0.0,1.648637,266.08,9.6229,69.82,0.75,60.0,60.0,0.0,3.707,0.0,0.0,0.0,0,0.0,0.0,4.1144,0.0,0.0,0.0,0,0.0,0.0,2.3227,0.0,0.0,0.0,0,0.0,0.0,3.6705,0.0,0.0,0.0,0,0.0,0.0,1.6436,0.0,0.0,0.0,0,0.0,0.0,1.5401,0.0,0.0,0.0,0,0.0,0.0,0.5599,0.0,0.0,0.0,0,0.0,0.0,0.501,0.0,0.0,0.0,0,0.0,0.0
24,60.0,20.5969860855,0.03,0.998,1,-1,0.2493,-0.5961,0.2912,0.09118,0.0,0.0,4.0,0.0,1.369179,278.15,-5.0264,0.2621,0.0621,565.350461,5.653505,1.25,0.0,39.027058,84.65,0.8589,0.488,0.08799,0.0,0.0,2.25,0.0,1.926569,197.14,0.2883,0.4786,0.07861,0.0,0.0,3.5,0.0,1.064834,239.65,1.6838,0.8298,0.12979,0.0,0.0,3.5,0.0,2.967714,179.4,0.4179,0.7206,0.02063,0.0,0.0,1.5,0.0,0.429975,95.53,-0.3848,0.9671,0.06709,103.016737,1.030167,1.5,0.0,6.593426,230.53,-0.1814,0.9739,0.07393,147.757747,1.477577,3.25,0.0,7.039713,186.75,10.4692,64.76,1.0,60.0,60.0,0.0,4.3684,0.0,0.0,0.0,0,0.0,0.0,1.8911,0.0,0.0,0.0,0,0.0,0.0,2.9743,0.0,0.0,0.0,0,0.0,0.0,4.3343,0.0,0.0,0.0,0,0.0,0.0,1.0155,0.0,0.0,0.0,0,0.0,0.0,1.8918,0.0,0.0,0.0,0,0.0,0.0,0.4106,0.0,0.0,0.0,0,0.0,0.0,0.5485,0.0,0.0,0.0,0,0.0,0.0
25,60.0,20.5969860855,0.03,0.9979,1,-1,0.2493,0.3701,0.3348,0.13482,0.0,0.0,3.5,0.0,3.54716,138.41,-0.501,0.2485,0.04849,0.0,0.0,3.25,0.0,0.426252,246.83,2.2192,0.6136,0.21365,0.0,0.0,3.75,0.0,12.059692,228.19,0.7268,0.453,0.05303,0.0,0.0,4.0,0.0,0.503695,292.22,-0.4234,0.7,0.0,0.0,0.0,0.5,0.0,2.075213,278.78,0.7181,0.8248,0.12479,0.0,0.0,1.25,0.0,0.1099,209.55,0.6726,1.0,0.1,21.192521,0.211925,2.0,0.0,2.911272,291.62,1.4787,0.9512,0.05121,0.0,0.0,3.5,0.0,6.40154,165.94,12.0884,64.55,1.0,60.0,60.0,0.0,4.5244,0.0,0.0,0.0,0,0.0,0.0,3.7436,0.0,0.0,0.0,0,0.0,0.0,2.4641,0.0,0.0,0.0,0,0.0,0.0,3.1309,0.0,0.0,0.0,0,0.0,0.0,2.1199,0.0,0.0,0.0,0,0.0,0.0,1.3825,0.0,0.0,0.0,0,0.0,0.0,0.607,0.0,0.0,0.0,0,0.0,0.0,0.3677,0.0,0.0,0.0,0,0.0,0.0
26,60.0,20.5969860855,0.03,0.9978,1,-1,0.2493,-0.773,0.2593,0.05933,130.490474,1.304905,3.5,0.0,1.577611,245.87,0.079,0.2758,0.07581,0.0,0.0,2.0,0.0,1.101949,182.18,0.0977,0.4424,0.04238,0.0,0.0,1.5,0.0,0.275281,102.1,0.1648,0.4434,0.04337,0.0,0.0,2.0,0.0,0.25622,165.98,-0.0441,0.7436,0.04358,73.433265,0.734333,0.75,0.0,2.129989,215.59,1.0568,0.7508,0.05079,0.0,0.0,1.75,0.0,0.58912,276.27,0.7996,0.95,0.05,0.0,0.0,2.25,0.0,5.927849,208.62,1.2421,0.966,0.06604,0.0,0.0,3.0,0.0,3.005582,150.72,10.1817,155.95,0.75,228.41,228.41,72.92,3.6703,0.0,0.0,0.0,0,0.0,0.66,3.6067,0.0,0.0,0.0,0,0.0,0.66,2.7167,0.0,0.0,0.0,0,0.0,0.495,3.7202,0.0,0.0,0.0,0,0.0,0.4489,1.7821,0.0,0.0,0.0,0,0.0,0.165,1.4916,0.0,0.0,0.0,0,0.0,0.1079,0.5307,0.0,0.0,0.0,0,0.0,0.0,0.2799,0.0,0.0,0.0,0,0.0,0.0
27,154.1704864501953,20.5969860855,0.03,0.9978,1,-1,0.2492,0.7419,0.2593,0.05928,0.0,0.0,4.0,0.0,6.110129,168.94,-0.6111,0.3336,0.13356,0.0,0.0,2.5,0.0,0.021589,258.26,0.8028,0.4608,0.06077,0.0,0.0,3.0,0.0,0.696077,91.3,-0.209,0.4453,0.04526,0.0,0.0,2.0,0.0,1.406641,224.43,0.6775,0.7289,0.02887,33.651596,0.336516,4.25,0.0,0.302891,304.5,1.5414,0.7517,0.05167,0.0,0.0,4.0,0.0,2.040959,82.25,0.5243,1.0,0.1,22.758305,0.227583,1.5,0.0,0.506256,240.5,0.9069,0.95,0.05,0.0,0.0,2.25,0.0,0.513,176.29,15.7563,70.18,1.0,60.0,154.17,40.78,3.8299,0.0,0.0,0.0,0,0.0,0.66,4.4463,0.0,0.0,0.0,0,0.0,0.66,2.5825,0.0,0.0,0.0,0,0.0,0.2945,2.3369,0.0,0.0,0.0,0,0.0,0.3457,1.6598,0.0,0.0,0.0,0,0.0,0.0697,1.3623,0.0,0.0,0.0,0,0.0,0.0,0.4371,0.0,0.0,0.0,0,0.0,0.0,0.4985,0.0,0.0,0.0,0,0.0,0.0
28,60.0,20.5969860855,0.03,0.9977,1,-1,0.2492,0.4539,0.3242,0.12421,0.0,0.0,3.0,0.0,2.653459,122.63,0.6236,0.3333,0.13334,0.0,0.0,3.0,0.0,0.30233,150.53,-6.592,0.4643,0.06429,782.722967,7.82723,4.25,0.0,86.579018,60.0,0.1548,0.4374,0.03743,0.0,0.0,2.0,0.0,0.132243,123.82,0.2365,0.7163,0.01634,0.0,0.0,1.25,0.0,0.285742,278.76,1.3691,0.8464,0.14638,0.0,0.0,3.75,0.0,0.391759,107.5,0.6919,1.0,0.1,61.801428,0.618014,3.0,0.0,5.328637,151.17,0.6045,1.0,0.1,51.498116,0.514981,2.75,0.0,0.758721,293.9,9.4379,65.36,1.0,60.0,60.0,0.0,2.9988,0.0,0.0,0.0,0,0.0,0.0,4.1588,0.0,0.0,0.0,0,0.0,0.0,0.7996,0.0,0.0,0.0,0,0.0,0.0,4.1769,0.0,0.0,0.0,0,0.0,0.0,1.7582,0.0,0.0,0.0,0,0.0,0.0,1.6721,0.0,0.0,0.0,0,0.0,0.0,0.5586,0.0,0.0,0.0,0,0.0,0.0,0.5846,0.0,0.0,0.0,0,0.0,0.0
29,60.0,20.5969860855,0.03,0.9976,1,-1,0.2492,-2.1401,0.235,0.03503,159.46772,1.594677,1.5,0.0,6.288969,288.56,0.5371,0.3034,0.10335,0.0,0.0,3.5,0.0,0.321932,155.27,0.5788,0.4518,0.05185,0.0,0.0,1.5,0.0,0.275723,168.35,0.2152,0.4777,0.07771,6.609708,0.066097,1.5,0.0,0.532551,83.41,0.8816,0.7463,0.04635,0.0,0.0,3.5,0.0,0.428023,271.6,1.0068,0.866,0.16596,0.0,0.0,1.75,0.0,0.172288,223.51,0.9993,0.9315,0.03149,42.175935,0.421759,4.75,0.0,4.043151,119.12,1.1607,0.963,0.06301,0.0,0.0,2.75,0.0,1.476399,176.29,8.3267,73.88,0.75,60.0,69.67,4.19,4.393,0.0,0.0,0.0,0,0.0,0.66,4.8286,0.0,0.0,0.0,0,0.0,0.66,3.7974,0.0,0.0,0.0,0,0.0,0.3643,2.1365,0.0,0.0,0.0,0,0.0,0.2823,1.5236,0.0,0.0,0.0,0,0.0,0.1198,1.1844,0.0,0.0,0.0,0,0.0,0.0,0.7692,0.0,0.0,0.0,0,0.0,0.0,0.4594,0.0,0.0,0.0,0,0.0,0.0
30,60.0,20.5969860855,0.03,0.9975,1,-1,0.2491,-2.2475,0.3352,0.13518,282.005286,2.820053,2.75,0.0,10.473439,232.87,-1.4709,0.2,0.0,0.0,0.0,1.75,0.0,2.70259,69.13,1.0525,0.4593,0.05929,0.0,0.0,3.75,0.0,0.568398,123.9,0.5406,0.5429,0.14287,0.0,0.0,2.75,0.0,0.733202,180.61,1.2112,0.8687,0.16871,0.0,0.0,3.0,0.0,1.329773,170.47,-0.3773,0.7485,0.04853,78.998155,0.789982,2.25,0.0,7.288389,267.37,0.8241,0.9455,0.04552,0.0,0.0,2.25,0.0,0.634301,143.89,0.6754,0.9801,0.08007,40.90802,0.40908,2.75,0.0,1.810951,152.07,14.7373,67.74,1.0,60.0,60.0,0.0,3.6742,0.0,0.0,0.0,0,0.0,0.0,3.9315,0.0,0.0,0.0,0,0.0,0.0,3.1834,0.0,0.0,0.0,0,0.0,0.0,2.7223,0.0,0.0,0.0,0,0.0,0.0,1.3868,0.0,0.0,0.0,0,0.0,0.0,1.4315,0.0,0.0,0.0,0,0.0,0.0,0.5941,0.0,0.0,0.0,0,0.0,0.0,0.4253,0.0,0.0,0.0,0,0.0,0.0
31,60.0,20.5969860855,0.03,0.9974,1,-1,0.2491,-1.7994,0.2303,0.03029,0.0,0.0,2.5,0.0,0.86886,230.5,-0.466,0.2766,0.07664,0.0,0.0,3.0,0.0,1.401396,183.2,0.6606,0.4946,0.09461,0.0,0.0,3.25,0.0,0.177101,107.13,0.6897,0.4774,0.07741,0.0,0.0,3.75,0.0,0.931016,176.22,0.399,0.7892,0.08918,88.84534,0.888453,2.75,0.0,1.917674,113.16,-0.1633,0.7915,0.09147,199.759647,1.997596,3.5,0.0,10.767569,164.34,1.2539,0.9592,0.05921,0.0,0.0,3.0,0.0,3.819589,60.0,-0.3246,0.9483,0.04833,108.556512,1.085565,1.5,0.0,11.334359,136.12,13.5462,59.14,1.0,60.0,67.1,3.07,4.0319,0.0,0.0,0.0,0,0.0,0.66,2.9508,0.0,0.0,0.0,0,0.0,0.66,2.5322,0.0,0.0,0.0,0,0.0,0.3211,3.2414,0.0,0.0,0.0,0,0.0,0.2774,1.3355,0.0,0.0,0.0,0,0.0,0.0282,1.9249,0.0,0.0,0.0,0,0.0,0.0,0.496,0.0,0.0,0.0,0,0.0,0.0,0.6595,0.0,0.0,0.0,0,0.0,0.0
32,76.45164489746094,20.5969860855,0.03,0.9973,1,-1,0.2491,-0.8562,0.2257,0.02569,0.0,0.0,2.5,0.0,0.888294,316.22,-0.7373,0.2759,0.07589,0.0,0.0,4.25,0.0,1.312784,125.04,-0.5882,0.4384,0.03844,0.0,0.0,1.0,0.0,2.624246,307.37,0.4247,0.4918,0.09183,58.572182,0.585722,2.5,0.0,0.443305,209.31,0.4111,0.763,0.06304,57.756302,0.577563,2.5,0.0,0.527057,144.91,1.1515,0.7504,0.05038,0.0,0.0,2.75,0.0,0.31646,249.64,0.6209,0.95,0.05,0.0,0.0,1.75,0.0,1.219522,107.41,0.0988,0.95,0.05,63.04854,0.630485,2.0,0.0,1.684705,117.25,10.5087,72.38,1.0,60.0,76.67,8.28,3.7025,0.0,0.0,0.0,0,0.0,1.32,3.9084,0.0,0.0,0.0,0,0.0,1.32,3.6597,0.0,0.0,0.0,0,0.0,0.7363,3.1589,0.0,0.0,0.0,0,0.0,0.4588,0.6433,0.0,0.0,0.0,0,0.0,0.017,2.1765,0.0,0.0,0.0,0,0.0,0.0449,0.755,0.0,0.0,0.0,0,0.0,0.0,0.427,0.0,0.0,0.0,0,0.0,0.0
33,60.0,20.5969860855,0.03,0.9972,1,-1,0.2491,-0.5197,0.3472,0.14725,0.0,0.0,3.5,0.0,3.580101,284.18,0.152,0.3358,0.13581,55.750731,0.557507,2.75,0.0,0.375116,313.13,-0.1379,0.4141,0.01411,0.0,0.0,3.0,0.0,0.598254,118.46,0.5139,0.4801,0.08006,0.0,0.0,2.0,0.0,0.374662,160.02,0.5198,0.8323,0.13227,0.0,0.0,2.0,0.0,0.135673,283.17,1.3341,0.8936,0.19362,0.0,0.0,3.25,0.0,0.866561,310.95,1.3035,1.0,0.1,0.0,0.0,3.5,0.0,3.341644,252.29,0.1825,1.0,0.1,81.059495,0.810595,2.25,0.0,1.537501,153.11,17.2964,63.3,1.0,60.0,60.0,0.0,3.4833,0.0,0.0,0.0,0,0.0,0.0,4.7316,0.0,0.0,0.0,0,0.0,0.0,4.2777,0.0,0.0,0.0,0,0.0,0.0,2.0481,0.0,0.0,0.0,0,0.0,0.0,1.5851,0.0,0.0,0.0,0,0.0,0.0,1.2556,0.0,0.0,0.0,0,0.0,0.0,0.5797,0.0,0.0,0.0,0,0.0,0.0,0.2229,0.0,0.0,0.0,0,0.0,0.0
34,60.0,20.5969860855,0.03,0.9972,1,-1,0.249,1.1785,0.3585,0.1585,0.0,0.0,5.5,0.0,9.400137,152.99,-0.262,0.3415,0.14153,0.0,0.0,3.25,0.0,0.018403,184.7,0.0456,0.4824,0.08239,28.666642,0.286666,2.5,0.0,0.71775,225.36,0.7628,0.4591,0.05914,0.0,0.0,1.5,0.0,0.558423,91.73,0.2773,0.7577,0.05772,0.0,0.0,2.0,0.0,0.271109,238.77,0.5136,0.7341,0.03412,0.0,0.0,1.75,0.0,0.883746,82.2,0.0716,0.9187,0.01865,0.0,0.0,1.5,0.0,12.821289,196.27,1.058,0.9531,0.05312,25.903079,0.259031,3.25,0.0,3.550949,252.73,13.7836,74.7,1.0,60.0,98.72,16.77,4.3031,0.0,0.0,0.0,0,0.0,0.66,3.5814,0.0,0.0,0.0,0,0.0,0.66,2.6863,0.0,0.0,0.0,0,0.0,0.2231,3.0623,0.0,0.0,0.0,0,0.0,0.2998,1.6155,0.0,0.0,0.0,0,0.0,0.0,1.0945,0.0,0.0,0.0,0,0.0,0.0524,0.5693,0.0,0.0,0.0,0,0.0,0.0,0.2641,0.0,0.0,0.0,0,0.0,0.0
35,209.3400115966797,20.5969860855,0.03,0.9971,1,-1,0.249,-1.1429,0.217,0.01702,0.0,0.0,2.25,0.0,0.056637,305.76,-1.3376,0.225,0.02499,0.0,0.0,1.75,0.0,0.794021,135.59,1.091,0.5715,0.17147,0.0,0.0,2.75,0.0,1.610837,336.9,-0.037,0.4667,0.06666,0.0,0.0,2.25,0.0,1.499255,274.83,1.1426,0.7786,0.07859,0.0,0.0,3.75,0.0,1.872474,192.54,0.677,0.7985,0.09852,0.0,0.0,2.5,0.0,0.220048,188.28,1.2045,1.0,0.1,0.0,0.0,2.5,0.0,1.50893,108.47,1.5812,0.976,0.07604,0.0,0.0,3.75,0.0,14.97184,162.48,8.5609,112.68,1.0,60.0,209.34,62.01,4.4533,0.0,0.0,0.0,0,0.0,1.32,4.0109,0.0,0.0,0.0,0,0.0,1.32,1.9455,0.0,0.0,0.0,0,0.0,0.0,3.419,0.0,0.0,0.0,0,0.0,0.55,1.137,0.0,0.0,0.0,0,0.0,0.1295,1.9555,0.0,0.0,0.0,0,0.0,0.1255,0.2823,0.0,0.0,0.0,0,0.0,0.0,0.2464,0.0,0.0,0.0,0,0.0,0.0
36,60.0,20.5969860855,0.03,0.997,1,-1,0.249,-0.5855,0.3431,0.14309,0.0,0.0,1.5,0.0,0.684228,162.18,0.7065,0.299,0.099,0.0,0.0,6.5,0.0,1.199861,150.78,0.4121,0.5042,0.10416,0.0,0.0,1.25,0.0,0.28552,210.84,0.755,0.583,0.18296,18.884464,0.188845,2.75,0.0,0.455699,159.53,-1.1815,0.7741,0.0741,250.472989,2.50473,2.0,0.0,9.899508,152.53,1.5814,0.7779,0.07795,0.0,0.0,4.25,0.0,1.670503,93.24,0.6124,0.9189,0.01886,0.0,0.0,2.5,0.0,2.028776,215.0,0.0582,0.9399,0.03985,63.854002,0.63854,2.5,0.0,1.412794,67.7,15.0946,70.85,1.0,60.0,60.0,0.0,4.0288,0.0,0.0,0.0,0,0.0,0.0,4.5817,0.0,0.0,0.0,0,0.0,0.0,3.4097,0.0,0.0,0.0,0,0.0,0.0,2.1446,0.0,0.0,0.0,0,0.0,0.0,1.8275,0.0,0.0,0.0,0,0.0,0.0,1.6686,0.0,0.0,0.0,0,0.0,0.0,0.366,0.0,0.0,0.0,0,0.0,0.0,0.5948,0.0,0.0,0.0,0,0.0,0.0
37,60.0,20.5969860855,0.03,0.9969,1,-1,0.2489,0.0282,0.2804,0.08038,0.0,0.0,2.75,0.0,1.510137,287.53,0.3261,0.2738,0.07376,0.0,0.0,4.75,0.0,0.808111,194.83,0.898,0.4652,0.06517,0.0,0.0,4.5,0.0,0.66715,200.68,0.3875,0.486,0.08595,0.0,0.0,3.75,0.0,0.835591,217.16,1.2336,0.81,0.11,34.470998,0.34471,3.75,0.0,1.775464,60.0,-2.001,0.8142,0.11419,388.341385,3.883414,4.25,0.0,26.010914,159.0,0.5014,1.0,0.1,62.186392,0.621864,2.5,0.0,3.759587,143.02,0.8224,0.9325,0.03249,0.0,0.0,2.5,0.0,1.123676,237.77,16.2377,71.19,1.0,76.18,76.18,7.01,4.6179,0.0,0.0,0.0,0,0.0,0.66,4.0042,0.0,0.0,0.0,0,0.0,0.66,3.0401,0.0,0.0,0.0,0,0.0,0.495,2.9953,0.0,0.0,0.0,0,0.0,0.3709,0.8762,0.0,0.0,0.0,0,0.0,0.1109,1.5674,0.0,0.0,0.0,0,0.0,0.0624,0.3203,0.0,0.0,0.0,0,0.0,0.0,0.5733,0.0,0.0,0.0,0,0.0,0.0
38,60.0,20.5969860855,0.03,0.9968,1,-1,0.2489,-0.9511,0.2239,0.02385,0.0,0.0,2.5,0.0,0.261881,156.16,-0.0561,0.3133,0.11328,0.0,0.0,2.25,0.0,0.134975,271.23,0.8962,0.5449,0.14493,29.418574,0.294186,2.5,0.0,0.570774,306.85,1.3595,0.5087,0.10873,0.0,0.0,3.25,0.0,1.16598,206.2,0.5634,0.7797,0.07965,0.0,0.0,3.5,0.0,0.0613,221.5,1.3392,0.7713,0.07129,0.0,0.0,2.5,0.0,1.175747,60.0,0.1132,1.0,0.1,48.74357,0.487436,1.25,0.0,10.69764,295.3,0.8711,0.95,0.05,0.0,0.0,2.75,0.0,1.086577,219.97,14.8886,64.38,1.0,60.0,60.0,0.0,3.3784,0.0,0.0,0.0,0,0.0,0.0,3.6102,0.0,0.0,0.0,0,0.0,0.0,3.2741,0.0,0.0,0.0,0,0.0,0.0,3.1553,0.0,0.0,0.0,0,0.0,0.0,1.9152,0.0,0.0,0.0,0,0.0,0.0,1.2433,0.0,0.0,0.0,0,0.0,0.0,0.4494,0.0,0.0,0.0,0,0.0,0.0,0.4968,0.0,0.0,0.0,0,0.0,0.0
39,60.0,20.5969860855,0.03,0.9968,1,-1,0.2489,-1.1568,0.2487,0.0487,0.0,0.0,2.75,0.0,0.66996,237.33,0.2425,0.3617,0.1617,0.0,0.0,1.75,0.0,0.35838,271.55,1.6051,0.5437,0.14373,0.0,0.0,3.75,0.0,1.707043,143.62,0.3596,0.4544,0.05439,0.0,0.0,2.5,0.0,0.277745,184.86,0.0162,0.709,0.00897,38.940422,0.389404,2.5,0.0,0.419611,237.87,0.6102,0.7512,0.05122,0.0,0.0,1.75,0.0,0.298254,222.6,0.2415,0.9143,0.01433,66.000016,0.66,2.5,0.0,6.893836,98.87,0.0254,0.9404,0.04039,58.593623,0.585936,1.75,0.0,3.707939,123.47,12.9912,67.35,1.0,60.0,60.0,0.0,4.6193,0.0,0.0,0.0,0,0.0,0.0,4.3857,0.0,0.0,0.0,0,0.0,0.0,2.8275,0.0,0.0,0.0,0,0.0,0.0,2.8014,0.0,0.0,0.0,0,0.0,0.0,1.1068,0.0,0.0,0.0,0,0.0,0.0,1.5845,0.0,0.0,0.0,0,0.0,0.0,0.6943,0.0,0.0,0.0,0,0.0,0.0,0.4261,0.0,0.0,0.0,0,0.0,0.0
40,60.0,20.5969860855,0.03,0.9967,1,-1,0.2489,0.2441,0.2784,0.07838,0.0,0.0,3.25,0.0,0.969505,166.22,-0.5978,0.3051,0.10514,0.0,0.0,3.0,0.0,1.101725,196.11,2.6444,0.5805,0.1805,0.0,0.0,7.5,0.0,3.82968,175.92,0.0661,0.4628,0.06282,0.0,0.0,2.0,0.0,0.855669,175.26,-0.6752,0.7448,0.04477,110.85415,1.108541,1.25,0.0,8.585463,198.68,-2.1364,0.7993,0.09928,377.795273,3.777953,3.75,0.0,15.283545,201.3,0.8939,0.9795,0.07948,0.0,0.0,2.75,0.0,0.785025,175.21,0.5434,0.9362,0.03624,0.0,0.0,1.5,0.0,0.072537,157.26,17.1076,70.78,1.0,60.0,60.0,0.0,4.13,0.0,0.0,0.0,0,0.0,0.0,2.286,0.0,0.0,0.0,0,0.0,0.0,3.2917,0.0,0.0,0.0,0,0.0,0.0,3.2564,0.0,0.0,0.0,0,0.0,0.0,1.2203,0.0,0.0,0.0,0,0.0,0.0,1.6047,0.0,0.0,0.0,0,0.0,0.0,0.4511,0.0,0.0,0.0,0,0.0,0.0,0.3984,0.0,0.0,0.0,0,0.0,0.0
41,60.0,20.5969860855,0.03,0.9966,1,-1,0.2488,0.2939,0.2882,0.0882,0.0,0.0,2.75,0.0,2.024898,65.06,-0.5685,0.2519,0.05186,0.0,0.0,3.5,0.0,1.625942,336.27,0.4237,0.4586,0.05856,0.0,0.0,2.5,0.0,1.086134,270.42,1.2683,0.5124,0.11237,0.0,0.0,3.75,0.0,1.081261,115.41,1.2514,0.8569,0.15692,26.274415,0.262744,3.75,0.0,2.28358,242.39,0.4807,0.8116,0.11162,72.213097,0.722131,2.5,0.0,0.741839,170.0,1.0346,0.9596,0.05963,0.0,0.0,2.5,0.0,1.221722,152.46,1.2414,0.9368,0.03684,0.0,0.0,3.5,0.0,2.242736,89.62,11.8092,65.45,1.0,60.0,60.0,0.0,2.8929,0.0,0.0,0.0,0,0.0,0.0,3.8122,0.0,0.0,0.0,0,0.0,0.0,3.5881,0.0,0.0,0.0,0,0.0,0.0,4.085,0.0,0.0,0.0,0,0.0,0.0,1.2579,0.0,0.0,0.0,0,0.0,0.0,1.2768,0.0,0.0,0.0,0,0.0,0.0,0.5397,0.0,0.0,0.0,0,0.0,0.0,0.4867,0.0,0.0,0.0,0,0.0,0.0
42,60.0,20.5969860855,0.03,0.9965,1,-1,0.2488,0.6005,0.3426,0.14264,0.0,0.0,4.5,0.0,1.582259,164.93,-0.529,0.2611,0.06111,0.0,0.0,3.25,0.0,1.193733,140.13,0.5482,0.4353,0.0353,0.0,0.0,2.0,0.0,1.65107,152.41,-0.5441,0.4309,0.03085,0.0,0.0,1.5,0.0,4.296939,134.13,-0.1956,0.7481,0.0481,95.309488,0.953095,2.75,0.0,2.043017,109.73,1.3009,0.7886,0.08862,0.0,0.0,2.75,0.0,1.627798,204.49,0.4628,0.95,0.05,45.917733,0.459177,2.75,0.0,0.930316,208.6,-1.4834,0.9552,0.05517,221.224706,2.212247,2.25,0.0,36.969311,156.84,16.978,64.97,1.0,60.0,60.0,0.0,3.9842,0.0,0.0,0.0,0,0.0,0.0,3.1473,0.0,0.0,0.0,0,0.0,0.0,3.771,0.0,0.0,0.0,0,0.0,0.0,3.5457,0.0,0.0,0.0,0,0.0,0.0,1.2624,0.0,0.0,0.0,0,0.0,0.0,1.359,0.0,0.0,0.0,0,0.0,0.0,0.8275,0.0,0.0,0.0,0,0.0,0.0,0.485,0.0,0.0,0.0,0,0.0,0.0
43,60.0,20.5969860855,0.03,0.9964,1,-1,0.2488,0.408,0.3269,0.12687,38.201033,0.38201,3.0,0.0,0.704188,236.03,0.5246,0.3043,0.10434,0.0,0.0,2.75,0.0,0.539043,122.85,0.4061,0.4345,0.03446,0.0,0.0,1.5,0.0,2.712602,73.07,-0.8747,0.4252,0.02516,125.555976,1.25556,3.25,0.0,8.96718,95.54,0.0866,0.7062,0.00623,0.0,0.0,2.5,0.0,0.297895,176.7,1.2177,0.7894,0.08943,46.856699,0.468567,3.75,0.0,1.751116,183.79,1.5725,0.9864,0.08638,0.0,0.0,3.75,0.0,9.451462,242.93,0.1625,0.9089,0.00894,0.0,0.0,1.5,0.0,1.66416,245.94,13.5797,65.68,1.0,60.0,60.0,0.0,3.4484,0.0,0.0,0.0,0,0.0,0.0,3.2289,0.0,0.0,0.0,0,0.0,0.0,4.026,0.0,0.0,0.0,0,0.0,0.0,3.0438,0.0,0.0,0.0,0,0.0,0.0,1.8066,0.0,0.0,0.0,0,0.0,0.0,1.364,0.0,0.0,0.0,0,0.0,0.0,0.4981,0.0,0.0,0.0,0,0.0,0.0,0.6672,0.0,0.0,0.0,0,0.0,0.0
44,119.27297973632812,20.5969860855,0.03,0.9963,1,-1,0.2487,-3.4176,0.2342,0.03422,272.2737,2.722737,1.25,0.0,34.030412,128.93,-0.2395,0.3054,0.10535,0.0,0.0,3.75,0.0,0.371225,114.38,0.14,0.4408,0.04079,0.0,0.0,2.25,0.0,3.748034,295.62,1.4203,0.4805,0.08045,0.0,0.0,5.0,0.0,2.269725,196.95,0.2911,0.7292,0.02917,0.0,0.0,0.25,0.0,0.022975,189.07,1.1822,0.7978,0.09783,0.0,0.0,3.0,0.0,2.003867,178.05,0.3723,0.95,0.05,47.539336,0.475393,2.5,0.0,6.408157,188.33,0.586,0.9745,0.07454,86.452864,0.864529,3.25,0.0,1.475467,101.98,10.7,104.95,1.0,60.0,150.6,39.07,3.3585,0.0,0.0,0.0,0,0.0,1.32,3.1753,0.0,0.0,0.0,0,0.0,1.32,3.6133,0.0,0.0,0.0,0,0.0,0.7208,4.2306,0.0,0.0,0.0,0,0.0,0.51,1.4123,0.0,0.0,0.0,0,0.0,0.1375,1.2999,0.0,0.0,0.0,0,0.0,0.0,0.4557,0.0,0.0,0.0,0,0.0,0.0,0.4004,0.0,0.0,0.0,0,0.0,0.0
45,60.0,20.5969860855,0.03,0.9962,1,-1,0.2487,-0.8643,0.2558,0.0558,0.0,0.0,3.75,0.0,1.313122,137.3,-0.0211,0.2808,0.08076,0.0,0.0,2.75,0.0,0.0557,144.65,-0.746,0.4197,0.01972,0.0,0.0,1.25,0.0,7.415536,133.42,-0.2153,0.4452,0.04521,0.0,0.0,2.75,0.0,0.68397,85.5,1.3804,0.8609,0.16095,0.0,0.0,2.75,0.0,4.23216,234.23,0.2147,0.7802,0.08021,0.0,0.0,1.5,0.0,1.711829,272.62,0.3595,0.9352,0.0352,6.763481,0.067635,1.0,0.0,1.735033,181.47,0.565,0.95,0.05,45.456075,0.454561,2.25,0.0,0.358409,132.9,8.3889,58.94,1.0,60.0,79.09,8.27,4.5601,0.0,0.0,0.0,0,0.0,0.66,3.5335,0.0,0.0,0.0,0,0.0,0.66,4.2078,0.0,0.0,0.0,0,0.0,0.4299,2.914,0.0,0.0,0.0,0,0.0,0.4237,1.0244,0.0,0.0,0.0,0,0.0,0.0,1.2499,0.0,0.0,0.0,0,0.0,0.165,0.3413,0.0,0.0,0.0,0,0.0,0.0,0.4095,0.0,0.0,0.0,0,0.0,0.0
46,60.0,20.5969860855,0.03,0.9962,1,-1,0.2487,-1.4932,0.2542,0.05417,0.0,0.0,3.0,0.0,3.19066,153.24,0.1187,0.2874,0.08743,7.0973,0.070973,3.25,0.0,0.248085,102.87,0.0347,0.4673,0.06735,0.0,0.0,3.25,0.0,1.508711,143.67,0.3364,0.4565,0.05655,0.0,0.0,1.5,0.0,0.111943,152.06,-2.7707,0.7142,0.01415,331.583268,3.315833,1.5,0.0,28.868306,165.42,1.3724,0.7867,0.08666,0.0,0.0,2.5,0.0,0.46099,117.2,0.4369,0.9283,0.02826,0.0,0.0,1.25,0.0,1.275206,163.17,0.1107,1.0,0.1,57.355222,0.573552,1.5,0.0,0.587132,144.85,13.3996,79.1,1.0,178.82,178.82,51.45,4.7288,0.0,0.0,0.0,0,0.0,0.66,3.4057,0.0,0.0,0.0,0,0.0,0.66,3.7131,0.0,0.0,0.0,0,0.0,0.3767,3.2963,0.0,0.0,0.0,0,0.0,0.4044,1.3016,0.0,0.0,0.0,0,0.0,0.165,1.623,0.0,0.0,0.0,0,0.0,0.143,0.3383,0.0,0.0,0.0,0,0.0,0.0,0.5346,0.0,0.0,0.0,0,0.0,0.0
47,60.0,20.5969860855,0.03,0.9961,1,-1,0.2487,-0.5954,0.2652,0.06521,0.0,0.0,3.5,0.0,0.025139,270.54,-1.7898,0.2968,0.09684,308.022016,3.08022,4.0,0.0,12.383498,244.11,0.3974,0.4246,0.02459,0.0,0.0,2.25,0.0,0.145286,142.5,0.5822,0.4594,0.0594,0.0,0.0,2.75,0.0,0.15331,235.85,1.3078,0.7619,0.06188,0.0,0.0,2.5,0.0,3.175483,166.57,-0.9652,0.7436,0.04355,179.544346,1.795443,1.0,0.0,19.998643,86.35,0.4644,0.95,0.05,78.858607,0.788586,3.25,0.0,2.167346,159.3,0.4815,0.95,0.05,51.362624,0.513626,3.0,0.0,0.466771,333.19,10.3104,66.05,1.0,60.0,60.0,0.0,4.7086,0.0,0.0,0.0,0,0.0,0.0,3.1733,0.0,0.0,0.0,0,0.0,0.0,3.1489,0.0,0.0,0.0,0,0.0,0.0,3.5281,0.0,0.0,0.0,0,0.0,0.0,1.4679,0.0,0.0,0.0,0,0.0,0.0,1.3188,0.0,0.0,0.0,0,0.0,0.0,0.3609,0.0,0.0,0.0,0,0.0,0.0,0.5322,0.0,0.0,0.0,0,0.0,0.0
48,60.0,20.5969860855,0.03,0.996,1,-1,0.2486,-8.1334,0.2708,0.0708,757.027937,7.570279,2.0,0.0,61.487745,254.98,1.1205,0.3385,0.13853,0.0,0.0,4.25,0.0,0.961829,123.09,0.4359,0.4502,0.05024,0.0,0.0,1.75,0.0,0.412541,284.41,0.6971,0.5132,0.11322,0.0,0.0,3.75,0.0,0.659502,269.07,1.1279,0.7514,0.05139,7.665565,0.076656,4.0,0.0,2.141961,118.26,0.8505,0.7867,0.08675,0.0,0.0,3.5,0.0,0.195692,175.77,1.4572,1.0,0.1,0.0,0.0,3.5,0.0,7.740034,298.18,1.1672,0.9601,0.06007,0.0,0.0,3.0,0.0,4.046892,144.66,9.9941,69.24,1.0,60.0,60.0,0.0,2.8754,0.0,0.0,0.0,0,0.0,0.0,3.9634,0.0,0.0,0.0,0,0.0,0.0,3.4922,0.0,0.0,0.0,0,0.0,0.0,2.4344,0.0,0.0,0.0,0,0.0,0.0,1.8296,0.0,0.0,0.0,0,0.0,0.0,1.9205,0.0,0.0,0.0,0,0.0,0.0,0.5699,0.0,0.0,0.0,0,0.0,0.0,0.3004,0.0,0.0,0.0,0,0.0,0.0
49,60.0,20.5969860855,0.03,0.9959,1,-1,0.2486,-1.3289,0.2495,0.04948,0.0,0.0,3.0,0.0,0.073521,237.24,-0.7811,0.2812,0.08118,162.627238,1.626272,3.5,0.0,6.367996,116.07,0.8689,0.5419,0.14187,0.0,0.0,4.0,0.0,1.207743,231.67,0.1937,0.4646,0.06459,0.0,0.0,4.0,0.0,0.203156,314.24,1.5812,0.8144,0.11442,0.0,0.0,3.5,0.0,4.345083,180.55,-0.4812,0.7108,0.01084,87.862938,0.878629,0.75,0.0,5.932029,339.0,1.125,0.9254,0.02541,0.0,0.0,2.75,0.0,2.91472,212.45,0.4457,1.0,0.1,0.0,0.0,1.25,0.0,0.039344,109.88,13.738,134.03,1.0,155.41,185.66,56.29,3.8386,0.0,0.0,0.0,0,0.0,1.32,1.2961,0.0,0.0,0.0,0,0.0,1.32,3.8949,0.0,0.0,0.0,0,0.0,0.6418,3.5006,0.0,0.0,0.0,0,0.0,0.8493,1.8152,0.0,0.0,0.0,0,0.0,0.2568,1.9671,0.0,0.0,0.0,0,0.0,0.2585,0.5469,0.0,0.0,0.0,0,0.0,0.0,0.0639,0.0,0.0,0.0,0,0.0,0.0
50,60.0,20.5969860855,0.03,0.9958,1,-1,0.2486,-0.4133,0.2829,0.08286,0.0,0.0,3.25,0.0,1.090648,242.99,-0.033,0.3137,0.11373,0.0,0.0,2.75,0.0,0.031097,278.89,1.7059,0.4964,0.09639,0.0,0.0,3.25,0.0,3.662995,120.24,0.9921,0.4943,0.09428,0.0,0.0,1.75,0.0,1.174815,166.67,1.4111,0.7538,0.0538,0.0,0.0,3.25,0.0,1.694252,277.5,-0.2155,0.8131,0.11314,103.603784,1.036038,1.25,0.0,2.761958,198.45,0.5238,1.0,0.1,55.145645,0.551456,3.0,0.0,0.840243,271.46,1.2287,0.9436,0.04362,0.0,0.0,3.5,0.0,4.536966,60.0,17.6431,62.52,1.0,60.0,60.0,0.0,3.2133,0.0,0.0,0.0,0,0.0,0.0,4.5538,0.0,0.0,0.0,0,0.0,0.0,2.5685,0.0,0.0,0.0,0,0.0,0.0,4.3061,0.0,0.0,0.0,0,0.0,0.0,1.6674,0.0,0.0,0.0,0,0.0,0.0,1.2605,0.0,0.0,0.0,0,0.0,0.0,0.3982,0.0,0.0,0.0,0,0.0,0.0,0.0875,0.0,0.0,0.0,0,0.0,0.0
51,60.0,20.5969860855,0.03,0.9958,1,-1,0.2485,-0.8496,0.2085,0.00849,0.0,0.0,1.75,0.0,1.180867,287.83,0.899,0.3668,0.16676,0.0,0.0,4.5,0.0,0.879418,182.67,1.5297,0.5574,0.15737,0.0,0.0,2.75,0.0,2.20265,156.74,1.4138,0.5343,0.13426,0.0,0.0,4.25,0.0,1.866151,185.55,0.4031,0.7424,0.04236,45.191104,0.451911,1.5,0.0,0.968074,114.2,0.9972,0.7302,0.0302,0.0,0.0,3.0,0.0,1.398273,204.6,0.9125,1.0,0.1,0.0,0.0,2.0,0.0,0.673662,321.31,1.0126,0.9773,0.07729,0.0,0.0,2.5,0.0,1.310446,210.81,15.8178,109.33,1.0,60.0,167.32,46.47,4.1842,0.0,0.0,0.0,0,0.0,0.66,4.1802,0.0,0.0,0.0,0,0.0,0.66,3.3921,0.0,0.0,0.0,0,0.0,0.0793,2.4865,0.0,0.0,0.0,0,0.0,0.2332,0.2203,0.0,0.0,0.0,0,0.0,0.0768,1.3946,0.0,0.0,0.0,0,0.0,0.092,0.4192,0.0,0.0,0.0,0,0.0,0.0,0.4534,0.0,0.0,0.0,0,0.0,0.0
52,60.0,20.5969860855,0.03,0.9957,1,-1,0.2485,-1.1981,0.2376,0.03765,8.695609,0.086956,2.25,0.0,0.327277,171.6,-1.5865,0.2659,0.06588,0.0,0.0,2.5,0.0,5.79108,189.81,-0.0792,0.4838,0.08384,0.0,0.0,2.0,0.0,2.024918,278.75,-0.4124,0.4601,0.06009,0.0,0.0,1.75,0.0,5.940963,240.74,-2.0015,0.7757,0.07573,304.272973,3.04273,2.25,0.0,21.637604,241.83,-3.0709,0.7309,0.03091,365.491361,3.654914,3.5,0.0,34.694477,209.52,1.1105,0.9576,0.05763,0.0,0.0,2.5,0.0,2.937454,248.68,0.8926,0.9763,0.07626,32.513457,0.325135,2.5,0.0,0.894265,131.63,23.911,102.22,1.0,60.0,177.13,50.72,3.8098,0.0,0.0,0.0,0,0.0,0.66,3.9047,0.0,0.0,0.0,0,0.0,0.66,4.2708,0.0,0.0,0.0,0,0.0,0.2183,2.3402,0.0,0.0,0.0,0,0.0,0.2967,2.3172,0.0,0.0,0.0,0,0.0,0.0,0.6206,0.0,0.0,0.0,0,0.0,0.063,0.2948,0.0,0.0,0.0,0,0.0,0.0,0.1326,0.0,0.0,0.0,0,0.0,0.0
53,60.0,20.5969860855,0.03,0.9956,1,-1,0.2485,-0.1713,0.2513,0.05132,0.0,0.0,2.25,0.0,0.386732,155.64,-0.7259,0.2561,0.05608,72.70032,0.727003,3.0,0.0,2.846782,89.42,0.0027,0.4355,0.03546,0.0,0.0,0.75,0.0,1.266073,186.22,0.4639,0.43,0.02998,0.0,0.0,1.75,0.0,0.217549,168.59,-0.7195,0.7389,0.03888,146.744353,1.467444,3.25,0.0,7.583182,227.52,0.2828,0.7678,0.06783,0.0,0.0,2.0,0.0,0.295171,181.54,0.725,0.95,0.05,0.0,0.0,2.5,0.0,0.007241,173.12,0.3493,1.0,0.1,23.120913,0.231209,1.0,0.0,1.98687,161.8,6.8793,60.41,1.0,60.0,60.0,0.0,4.619,0.0,0.0,0.0,0,0.0,0.0,3.3867,0.0,0.0,0.0,0,0.0,0.0,3.2217,0.0,0.0,0.0,0,0.0,0.0,4.2262,0.0,0.0,0.0,0,0.0,0.0,1.2981,0.0,0.0,0.0,0,0.0,0.0,1.3244,0.0,0.0,0.0,0,0.0,0.0,0.5174,0.0,0.0,0.0,0,0.0,0.0,0.237,0.0,0.0,0.0,0,0.0,0.0
54,60.0,20.5969860855,0.03,0.9955,1,-1,0.2485,0.0361,0.2536,0.05364,0.0,0.0,2.75,0.0,0.75262,254.39,-0.741,0.2687,0.06869,0.0,0.0,2.5,0.0,0.939422,223.97,1.0246,0.4826,0.0826,0.0,0.0,1.5,0.0,0.493616,101.06,-0.0882,0.4279,0.02789,0.0,0.0,1.5,0.0,2.444821,93.13,0.8901,0.7545,0.05449,0.0,0.0,1.5,0.0,0.36687,134.48,1.2384,0.8642,0.1642,0.0,0.0,3.0,0.0,1.846399,244.66,0.5632,1.0,0.1,0.0,0.0,2.0,0.0,0.422078,231.51,0.7824,0.9484,0.04843,67.582177,0.675822,4.5,0.0,1.673012,294.61,18.1496,62.6,1.0,60.0,60.0,0.0,4.1594,0.0,0.0,0.0,0,0.0,0.0,4.3139,0.0,0.0,0.0,0,0.0,0.0,1.9894,0.0,0.0,0.0,0,0.0,0.0,3.2589,0.0,0.0,0.0,0,0.0,0.0,0.968,0.0,0.0,0.0,0,0.0,0.0,1.4955,0.0,0.0,0.0,0,0.0,0.0,0.2912,0.0,0.0,0.0,0,0.0,0.0,0.624,0.0,0.0,0.0,0,0.0,0.0
55,60.0,20.5969860855,0.03,0.9954,1,-1,0.2484,0.4286,0.3035,0.10354,0.0,0.0,4.25,0.0,0.429168,80.94,-0.4731,0.24,0.03999,0.0,0.0,1.5,0.0,0.205856,142.57,1.0365,0.5868,0.18675,0.0,0.0,3.5,0.0,0.510485,228.91,1.5772,0.5089,0.10888,0.0,0.0,2.5,0.0,3.520492,114.53,1.1519,0.7652,0.06519,0.0,0.0,2.25,0.0,0.574756,63.36,0.2648,0.7286,0.02858,0.0,0.0,3.0,0.0,0.04802,192.1,0.6608,1.0,0.1,35.965593,0.359656,2.25,0.0,2.572575,261.65,0.9101,0.9355,0.03547,0.0,0.0,2.25,0.0,0.943437,115.47,9.6953,55.43,1.0,60.0,60.0,0.0,3.4125,0.0,0.0,0.0,0,0.0,0.0,4.1348,0.0,0.0,0.0,0,0.0,0.0,2.8861,0.0,0.0,0.0,0,0.0,0.0,2.5008,0.0,0.0,0.0,0,0.0,0.0,1.4043,0.0,0.0,0.0,0,0.0,0.0,1.8405,0.0,0.0,0.0,0,0.0,0.0,0.441,0.0,0.0,0.0,0,0.0,0.0,0.5824,0.0,0.0,0.0,0,0.0,0.0
56,60.0,20.5969860855,0.03,0.9953,1,-1,0.2484,-0.483,0.2698,0.06982,0.0,0.0,2.25,0.0,0.996941,138.66,0.2225,0.3354,0.13541,0.0,0.0,3.25,0.0,0.411139,160.07,0.6626,0.4667,0.06667,0.0,0.0,3.25,0.0,0.109828,299.81,-3.6377,0.444,0.04396,396.147398,3.961474,4.25,0.0,56.32127,282.21,0.7097,0.7301,0.03011,30.212891,0.302129,2.0,0.0,0.136685,104.77,1.204,0.9182,0.21824,0.0,0.0,2.25,0.0,0.922902,168.51,0.2251,0.9213,0.02126,0.0,0.0,2.75,0.0,2.229435,97.84,-1.1771,1.0,0.1,169.085806,1.690858,1.25,0.0,28.788081,223.82,9.6965,68.96,1.0,60.0,60.0,0.0,3.3782,0.0,0.0,0.0,0,0.0,0.0,4.0255,0.0,0.0,0.0,0,0.0,0.0,2.8735,0.0,0.0,0.0,0,0.0,0.0,2.9538,0.0,0.0,0.0,0,0.0,0.0,1.7791,0.0,0.0,0.0,0,0.0,0.0,0.8765,0.0,0.0,0.0,0,0.0,0.0,0.6984,0.0,0.0,0.0,0,0.0,0.0,0.7724,0.0,0.0,0.0,0,0.0,0.0
57,78.64805603027344,20.5969860855,0.03,0.9952,1,-1,0.2484,-1.8143,0.253,0.053,87.084886,0.870849,2.25,0.0,4.791827,205.86,-0.8071,0.2748,0.07483,32.186686,0.321867,3.5,0.0,0.284533,188.89,0.7567,0.4663,0.06626,0.0,0.0,2.25,0.0,0.099402,263.25,0.3031,0.4507,0.05074,0.0,0.0,1.0,0.0,0.071861,353.39,0.6483,0.7482,0.04819,0.0,0.0,2.25,0.0,0.050368,274.21,1.8314,0.8192,0.11924,0.0,0.0,5.0,0.0,2.714002,257.29,-0.3805,0.9824,0.08238,106.396198,1.063962,2.75,0.0,18.621504,144.43,0.8709,0.9784,0.07841,30.941863,0.309419,3.0,0.0,0.568942,214.83,13.7593,84.09,1.0,60.0,99.14,16.16,3.7216,0.0,0.0,0.0,0,0.0,1.32,3.2719,0.0,0.0,0.0,0,0.0,1.32,3.672,0.0,0.0,0.0,0,0.0,0.6911,3.4716,0.0,0.0,0.0,0,0.0,0.6982,2.265,0.0,0.0,0.0,0,0.0,0.1185,0.9831,0.0,0.0,0.0,0,0.0,0.0635,0.3739,0.0,0.0,0.0,0,0.0,0.0,0.3091,0.0,0.0,0.0,0,0.0,0.0
58,60.0,20.5969860855,0.03,0.9952,1,-1,0.2483,-5.0516,0.2298,0.0298,461.982674,4.619827,3.0,0.0,48.044474,120.56,-1.2538,0.2931,0.09306,0.0,0.0,1.75,0.0,0.865052,272.6,-0.493,0.4147,0.01465,0.0,0.0,0.25,0.0,4.427824,218.81,0.804,0.4412,0.04117,0.0,0.0,3.25,0.0,0.292446,91.78,0.2941,0.7972,0.09725,0.0,0.0,1.5,0.0,0.938266,226.94,-2.3707,0.7763,0.07634,272.186237,2.721862,3.0,0.0,18.802973,215.82,0.7955,0.95,0.05,0.0,0.0,2.0,0.0,1.173178,106.18,0.8421,1.0,0.1,21.349486,0.213495,2.5,0.0,0.904455,147.61,9.5549,64.06,1.0,60.0,60.0,0.0,2.619,0.0,0.0,0.0,0,0.0,0.0,3.6281,0.0,0.0,0.0,0,0.0,0.0,4.1734,0.0,0.0,0.0,0,0.0,0.0,3.1572,0.0,0.0,0.0,0,0.0,0.0,2.1095,0.0,0.0,0.0,0,0.0,0.0,1.1142,0.0,0.0,0.0,0,0.0,0.0,0.6177,0.0,0.0,0.0,0,0.0,0.0,0.5481,0.0,0.0,0.0,0,0.0,0.0
59,60.0,20.5969860855,0.03,0.9951,1,-1,0.2483,-4.4909,0.3216,0.12162,428.521956,4.28522,1.5,0.0,19.263539,261.56,-4.296,0.2246,0.02462,384.720102,3.847201,2.75,0.0,26.100046,130.87,0.9352,0.4696,0.06956,0.0,0.0,3.5,0.0,0.118331,142.13,0.2048,0.4607,0.06069,0.0,0.0,3.0,0.0,0.300359,308.94,0.953,0.7365,0.03646,0.0,0.0,3.5,0.0,0.318483,71.86,0.6174,0.8256,0.12562,0.0,0.0,1.25,0.0,0.048627,211.13,0.6842,0.9406,0.04062,0.0,0.0,1.75,0.0,0.438883,337.09,0.5065,0.9843,0.08427,30.565473,0.305655,2.0,0.0,0.364519,240.65,10.1004,64.18,1.0,60.0,60.0,0.0,3.3292,0.0,0.0,0.0,0,0.0,0.0,2.3111,0.0,0.0,0.0,0,0.0,0.0,3.8833,0.0,0.0,0.0,0,0.0,0.0,3.9955,0.0,0.0,0.0,0,0.0,0.0,2.3755,0.0,0.0,0.0,0,0.0,0.0,1.274,0.0,0.0,0.0,0,0.0,0.0,0.5693,0.0,0.0,0.0,0,0.0,0.0,0.3573,0.0,0.0,0.0,0,0.0,0.0
60,60.0,20.5969860855,0.03,0.995,1,-1,0.2483,-1.0719,0.2831,0.08306,0.0,0.0,2.75,0.0,1.223104,152.86,0.3436,0.257,0.05696,35.966447,0.359664,2.0,0.0,1.600018,184.31,1.3857,0.5105,0.11053,0.0,0.0,3.5,0.0,1.085468,156.21,-0.4027,0.4101,0.01011,0.0,0.0,2.25,0.0,2.783226,224.92,-0.9049,0.7413,0.04128,145.078934,1.450789,1.75,0.0,7.580217,186.68,0.3944,0.7228,0.02282,0.0,0.0,2.5,0.0,0.294864,219.52,0.8749,0.95,0.05,0.0,0.0,2.0,0.0,2.103705,257.1,1.3231,0.9832,0.0832,0.0,0.0,4.0,0.0,3.260389,246.68,15.7871,67.21,1.0,60.0,60.0,0.0,3.9592,0.0,0.0,0.0,0,0.0,0.0,3.1597,0.0,0.0,0.0,0,0.0,0.0,1.8709,0.0,0.0,0.0,0,0.0,0.0,4.1209,0.0,0.0,0.0,0,0.0,0.0,1.8397,0.0,0.0,0.0,0,0.0,0.0,2.1053,0.0,0.0,0.0,0,0.0,0.0,0.6596,0.0,0.0,0.0,0,0.0,0.0,0.5074,0.0,0.0,0.0,0,0.0,0.0
61,60.0,20.5969860855,0.03,0.9949,1,-1,0.2483,-0.0865,0.2923,0.09231,0.0,0.0,2.5,0.0,0.323931,203.7,-0.1545,0.341,0.14098,0.0,0.0,2.75,0.0,2.371427,148.43,0.8806,0.5255,0.12551,0.0,0.0,2.0,0.0,0.144533,204.85,0.5694,0.4747,0.07475,0.0,0.0,1.5,0.0,0.129074,177.69,1.3995,0.8002,0.10016,0.0,0.0,3.75,0.0,1.047465,197.32,1.5411,0.7861,0.08609,0.0,0.0,4.25,0.0,2.726557,147.24,0.4878,0.9364,0.03639,0.0,0.0,1.5,0.0,0.183726,243.38,0.7438,0.9689,0.06893,0.0,0.0,2.75,0.0,0.163696,269.92,15.7399,91.39,1.0,60.0,137.15,33.41,3.4762,0.0,0.0,0.0,0,0.0,0.66,3.9574,0.0,0.0,0.0,0,0.0,0.66,3.0803,0.0,0.0,0.0,0,0.0,0.336,3.3383,0.0,0.0,0.0,0,0.0,0.3413,1.7991,0.0,0.0,0.0,0,0.0,0.0479,0.8313,0.0,0.0,0.0,0,0.0,0.0382,0.4865,0.0,0.0,0.0,0,0.0,0.0,0.638,0.0,0.0,0.0,0,0.0,0.0
62,60.0,20.5969860855,0.03,0.9948,1,-1,0.2482,-0.9774,0.2184,0.0184,0.0,0.0,2.25,0.0,0.013027,60.0,-0.3335,0.297,0.09698,0.0,0.0,3.75,0.0,0.213851,147.93,0.9182,0.5131,0.11313,0.0,0.0,2.5,0.0,0.233918,120.67,0.3488,0.5458,0.14584,0.0,0.0,1.75,0.0,1.104417,304.8,0.7452,0.8584,0.15842,0.0,0.0,1.75,0.0,0.172876,249.5,-0.0987,0.8504,0.1504,131.826599,1.318266,3.0,0.0,2.500409,173.12,0.26,0.95,0.05,53.573442,0.535734,2.75,0.0,2.157819,131.3,0.3961,0.9343,0.03426,0.0,0.0,1.25,0.0,0.42835,120.74,14.9915,60.34,1.0,60.0,60.0,0.0,4.1637,0.0,0.0,0.0,0,0.0,0.0,3.964,0.0,0.0,0.0,0,0.0,0.0,3.7686,0.0,0.0,0.0,0,0.0,0.0,2.9863,0.0,0.0,0.0,0,0.0,0.0,0.9858,0.0,0.0,0.0,0,0.0,0.0,1.4559,0.0,0.0,0.0,0,0.0,0.0,0.5664,0.0,0.0,0.0,0,0.0,0.0,0.5137,0.0,0.0,0.0,0,0.0,0.0
63,66.11375427246094,20.5969860855,0.03,0.9948,1,-1,0.2482,-1.5573,0.2392,0.03915,0.0,0.0,2.5,0.0,0.342937,261.04,-4.8716,0.2439,0.04386,374.617028,3.74617,4.25,0.0,26.482264,203.84,1.2704,0.4946,0.0946,0.0,0.0,2.75,0.0,0.880244,221.41,0.4099,0.4565,0.05654,0.0,0.0,2.5,0.0,0.112613,247.93,1.1421,0.7384,0.03844,0.0,0.0,2.75,0.0,0.749711,199.03,-2.2674,0.766,0.06598,308.2286,3.082286,3.25,0.0,27.089925,121.99,-1.2154,0.9,0.0,130.485247,1.304852,0.25,0.0,20.557585,72.27,0.9246,0.9532,0.05316,0.0,0.0,3.0,0.0,1.048872,120.23,9.9654,77.64,1.0,60.0,109.08,20.52,4.7915,0.0,0.0,0.0,0,0.0,1.32,3.9815,0.0,0.0,0.0,0,0.0,1.32,2.5033,0.0,0.0,0.0,0,0.0,0.4276,4.0328,0.0,0.0,0.0,0,0.0,0.6168,1.8614,0.0,0.0,0.0,0,0.0,0.0763,1.0171,0.0,0.0,0.0,0,0.0,0.0,0.6548,0.0,0.0,0.0,0,0.0,0.0,0.2697,0.0,0.0,0.0,0,0.0,0.0
64,60.0,20.5969860855,0.03,0.9947,1,-1,0.2482,-0.6932,0.2569,0.05687,15.859767,0.158598,3.25,0.0,0.098124,203.95,0.6141,0.3925,0.19251,0.0,0.0,3.75,0.0,1.741751,218.48,1.0957,0.478,0.07802,0.0,0.0,5.5,0.0,0.254003,188.01,0.7414,0.4952,0.09522,0.0,0.0,2.75,0.0,0.160052,168.92,0.9235,0.7827,0.08273,0.0,0.0,2.25,0.0,0.152091,188.15,0.2537,0.7826,0.08258,103.780849,1.037808,3.0,0.0,0.299941,63.18,0.4866,0.9584,0.05844,0.0,0.0,1.25,0.0,0.67991,290.49,0.7207,0.95,0.05,61.4626,0.614626,3.5,0.0,2.366995,362.4,19.6845,67.37,1.0,60.0,60.0,0.0,4.1812,0.0,0.0,0.0,0,0.0,0.0,2.737,0.0,0.0,0.0,0,0.0,0.0,3.0923,0.0,0.0,0.0,0,0.0,0.0,4.0905,0.0,0.0,0.0,0,0.0,0.0,1.7214,0.0,0.0,0.0,0,0.0,0.0,1.0819,0.0,0.0,0.0,0,0.0,0.0,0.4323,0.0,0.0,0.0,0,0.0,0.0,0.6705,0.0,0.0,0.0,0,0.0,0.0
65,60.0,20.5969860855,0.03,0.9946,1,-1,0.2481,-0.0876,0.286,0.086,0.0,0.0,2.75,0.0,2.38431,119.47,0.2386,0.328,0.12799,0.0,0.0,4.75,0.0,0.909673,106.96,-0.2214,0.4237,0.02371,0.0,0.0,1.0,0.0,6.682549,146.18,-0.2017,0.4247,0.02467,0.0,0.0,2.75,0.0,1.365904,108.67,0.6079,0.7556,0.05555,0.0,0.0,2.25,0.0,0.676172,252.51,1.1767,0.7662,0.06615,0.0,0.0,2.25,0.0,2.742208,140.02,0.6731,0.9973,0.09734,18.849858,0.188499,2.25,0.0,1.821707,202.23,0.6494,0.95,0.05,92.884373,0.928844,3.75,0.0,0.661531,146.98,14.5084,78.0,1.0,108.78,108.78,21.12,4.2958,0.0,0.0,0.0,0,0.0,0.66,3.7921,0.0,0.0,0.0,0,0.0,0.66,2.182,0.0,0.0,0.0,0,0.0,0.495,3.5711,0.0,0.0,0.0,0,0.0,0.495,1.443,0.0,0.0,0.0,0,0.0,0.1054,1.8421,0.0,0.0,0.0,0,0.0,0.1103,0.5805,0.0,0.0,0.0,0,0.0,0.0,0.3989,0.0,0.0,0.0,0,0.0,0.0
66,60.0,20.5969860855,0.03,0.9945,1,-1,0.2481,-1.952,0.2271,0.02708,0.0,0.0,3.5,0.0,0.461769,165.3,-0.8284,0.2421,0.04212,0.0,0.0,4.0,0.0,0.245099,232.87,0.804,0.578,0.17804,0.0,0.0,3.75,0.0,0.36007,276.49,0.6232,0.5056,0.10561,0.0,0.0,2.0,0.0,0.327215,247.19,0.5932,0.8049,0.10488,51.492011,0.51492,2.0,0.0,0.382665,220.73,0.5944,0.8052,0.10523,84.575959,0.84576,3.5,0.0,0.379594,188.65,-1.0935,0.9061,0.00608,177.603308,1.776033,2.0,0.0,26.540866,205.19,1.107,0.9657,0.06569,0.0,0.0,2.75,0.0,1.413905,145.42,16.7558,116.91,1.0,212.57,212.57,63.09,4.0907,0.0,0.0,0.0,0,0.0,1.32,4.0436,0.0,0.0,0.0,0,0.0,1.32,2.9172,0.0,0.0,0.0,0,0.0,0.6251,3.6137,0.0,0.0,0.0,0,0.0,0.3542,1.273,0.0,0.0,0.0,0,0.0,0.1799,0.959,0.0,0.0,0.0,0,0.0,0.165,0.8763,0.0,0.0,0.0,0,0.0,0.0,0.3133,0.0,0.0,0.0,0,0.0,0.0
67,60.0,20.5969860855,0.03,0.9944,1,-1,0.2481,0.569,0.2911,0.09109,0.0,0.0,4.5,0.0,1.952076,149.91,-0.8016,0.2534,0.05342,0.0,0.0,1.75,0.0,0.36092,128.36,-0.4904,0.4681,0.06807,27.855869,0.278559,2.25,0.0,10.395471,174.27,0.4719,0.4691,0.06906,0.0,0.0,3.0,0.0,0.244652,138.83,0.6468,0.7703,0.07029,0.0,0.0,3.5,0.0,0.313063,249.4,-0.3259,0.7721,0.07214,115.041719,1.150417,2.75,0.0,2.967881,232.67,0.9642,0.95,0.05,0.0,0.0,3.75,0.0,3.838412,107.56,0.4157,0.9787,0.07869,80.340803,0.803408,2.75,0.0,2.496558,187.11,15.5158,64.86,1.0,60.0,60.0,0.0,4.2001,0.0,0.0,0.0,0,0.0,0.0,3.4265,0.0,0.0,0.0,0,0.0,0.0,2.5536,0.0,0.0,0.0,0,0.0,0.0,2.8687,0.0,0.0,0.0,0,0.0,0.0,1.9109,0.0,0.0,0.0,0,0.0,0.0,2.0084,0.0,0.0,0.0,0,0.0,0.0,0.567,0.0,0.0,0.0,0,0.0,0.0,0.6708,0.0,0.0,0.0,0,0.0,0.0
68,60.0,20.5969860855,0.03,0.9943,1,-1,0.2481,0.9127,0.3967,0.19668,0.0,0.0,3.5,0.0,4.877127,180.1,-1.332,0.2058,0.00578,0.0,0.0,1.75,0.0,0.547279,88.88,0.4796,0.4499,0.04987,0.0,0.0,2.75,0.0,0.913263,215.94,1.9747,0.6209,0.22088,0.0,0.0,6.25,0.0,7.584107,248.95,1.2073,0.8079,0.10786,22.174328,0.221743,2.25,0.0,0.534789,79.33,1.0119,0.7955,0.09548,0.0,0.0,2.25,0.0,1.533595,287.69,0.0992,0.9637,0.06372,110.736334,1.107363,3.5,0.0,6.973578,116.97,0.3917,0.9811,0.08113,75.592421,0.755924,3.5,0.0,1.130507,226.24,16.4237,63.11,1.0,60.0,60.0,0.0,2.2511,0.0,0.0,0.0,0,0.0,0.0,4.2766,0.0,0.0,0.0,0,0.0,0.0,3.8816,0.0,0.0,0.0,0,0.0,0.0,4.142,0.0,0.0,0.0,0,0.0,0.0,1.2775,0.0,0.0,0.0,0,0.0,0.0,2.03,0.0,0.0,0.0,0,0.0,0.0,0.5115,0.0,0.0,0.0,0,0.0,0.0,0.3497,0.0,0.0,0.0,0,0.0,0.0
69,60.0,20.5969860855,0.03,0.9942,1,-1,0.248,0.4837,0.2871,0.08714,0.0,0.0,2.5,0.0,1.046228,99.57,0.2293,0.2896,0.08961,0.0,0.0,2.0,0.0,1.191231,99.48,1.2642,0.5335,0.1335,0.0,0.0,4.75,0.0,0.69259,205.38,0.4738,0.5359,0.1359,0.0,0.0,2.0,0.0,0.31799,369.81,0.8435,0.7319,0.03186,0.0,0.0,2.5,0.0,0.025285,155.36,1.6963,0.7886,0.08856,0.0,0.0,4.0,0.0,2.362118,131.99,0.4168,0.9721,0.0721,34.608457,0.346085,1.75,0.0,0.170207,172.55,0.0719,0.9292,0.02921,55.448022,0.55448,2.25,0.0,6.936878,224.68,11.7155,64.17,1.0,60.0,60.0,0.0,3.1946,0.0,0.0,0.0,0,0.0,0.0,4.2132,0.0,0.0,0.0,0,0.0,0.0,3.4067,0.0,0.0,0.0,0,0.0,0.0,2.2505,0.0,0.0,0.0,0,0.0,0.0,1.1377,0.0,0.0,0.0,0,0.0,0.0,2.398,0.0,0.0,0.0,0,0.0,0.0,0.4565,0.0,0.0,0.0,0,0.0,0.0,0.3391,0.0,0.0,0.0,0,0.0,0.0
70,60.0,20.5969860855,0.03,0.9942,1,-1,0.248,-0.6487,0.2588,0.05879,0.0,0.0,3.75,0.0,0.237367,229.97,0.9451,0.3344,0.13444,0.0,0.0,2.75,0.0,2.567228,177.74,0.2741,0.4639,0.0639,0.0,0.0,3.0,0.0,0.961413,113.24,0.966,0.5279,0.12786,0.0,0.0,3.0,0.0,0.35732,164.05,0.9402,0.7636,0.06362,0.0,0.0,1.5,0.0,0.032133,102.84,1.1554,0.8947,0.19468,0.0,0.0,3.0,0.0,0.472345,84.06,0.3635,0.95,0.05,0.0,0.0,0.75,0.0,0.362189,75.93,1.1052,0.9603,0.06026,0.0,0.0,2.75,0.0,1.672365,335.87,8.4892,62.65,1.0,60.0,60.0,0.0,3.1716,0.0,0.0,0.0,0,0.0,0.0,4.2259,0.0,0.0,0.0,0,0.0,0.0,4.3339,0.0,0.0,0.0,0,0.0,0.0,2.524,0.0,0.0,0.0,0,0.0,0.0,1.145,0.0,0.0,0.0,0,0.0,0.0,1.1782,0.0,0.0,0.0,0,0.0,0.0,0.3177,0.0,0.0,0.0,0,0.0,0.0,0.4286,0.0,0.0,0.0,0,0.0,0.0
71,60.0,20.5969860855,0.03,0.9941,1,-1,0.248,-0.2737,0.259,0.05905,0.0,0.0,2.0,0.0,0.093033,201.48,-0.873,0.369,0.169,0.0,0.0,3.5,0.0,0.175983,173.42,1.0616,0.5715,0.17151,0.0,0.0,2.5,0.0,0.777284,177.8,0.4351,0.4489,0.04887,0.0,0.0,1.5,0.0,0.300827,200.44,0.8329,0.7668,0.06676,0.0,0.0,1.25,0.0,0.061106,280.0,1.7102,0.8467,0.1467,0.0,0.0,4.25,0.0,1.836203,125.48,0.3563,0.9563,0.05635,43.200344,0.432003,2.0,0.0,0.589677,292.17,-0.0268,0.9386,0.03864,60.954141,0.609541,1.5,0.0,2.50478,83.23,14.7011,64.12,1.0,60.0,60.0,0.0,3.4479,0.0,0.0,0.0,0,0.0,0.0,4.2605,0.0,0.0,0.0,0,0.0,0.0,3.627,0.0,0.0,0.0,0,0.0,0.0,2.8679,0.0,0.0,0.0,0,0.0,0.0,0.9043,0.0,0.0,0.0,0,0.0,0.0,0.892,0.0,0.0,0.0,0,0.0,0.0,0.6372,0.0,0.0,0.0,0,0.0,0.0,0.7352,0.0,0.0,0.0,0,0.0,0.0
72,60.0,20.5969860855,0.03,0.994,1,-1,0.2479,0.2089,0.3121,0.11213,0.0,0.0,4.5,0.0,0.404445,218.99,-0.8132,0.2257,0.02566,0.0,0.0,2.75,0.0,0.065641,238.57,1.3673,0.5262,0.12624,0.0,0.0,4.0,0.0,1.783866,113.12,-0.2054,0.4397,0.03974,0.0,0.0,3.0,0.0,1.573819,192.89,-0.13,0.7325,0.03248,76.869865,0.768699,2.0,0.0,3.277395,153.8,-1.1187,0.7335,0.03354,172.910303,1.729103,1.5,0.0,14.428806,130.29,1.1746,0.95,0.05,0.0,0.0,3.25,0.0,6.416189,319.28,0.5888,0.95,0.05,0.0,0.0,3.0,0.0,0.109738,211.32,7.0152,67.04,1.0,89.63,89.63,12.83,4.2958,0.0,0.0,0.0,0,0.0,0.66,3.4061,0.0,0.0,0.0,0,0.0,0.66,3.3171,0.0,0.0,0.0,0,0.0,0.495,2.7239,0.0,0.0,0.0,0,0.0,0.4346,1.9201,0.0,0.0,0.0,0,0.0,0.165,1.0115,0.0,0.0,0.0,0,0.0,0.1477,0.6949,0.0,0.0,0.0,0,0.0,0.0,0.3344,0.0,0.0,0.0,0,0.0,0.0
73,60.0,20.5969860855,0.03,0.9939,1,-1,0.2479,0.6818,0.32,0.12005,0.0,0.0,4.0,0.0,0.626738,161.67,-0.9191,0.227,0.02698,0.0,0.0,1.75,0.0,0.101542,243.26,0.3276,0.4799,0.07994,0.0,0.0,2.0,0.0,1.048624,170.0,1.4011,0.551,0.151,0.0,0.0,4.25,0.0,3.785628,177.3,0.5098,0.8243,0.1243,0.0,0.0,1.5,0.0,0.214569,374.81,0.7464,0.7304,0.03039,0.0,0.0,2.5,0.0,0.797982,189.85,0.0767,0.9585,0.0585,57.390998,0.57391,2.5,0.0,1.032622,168.92,0.5131,0.95,0.05,56.244177,0.562442,3.5,0.0,0.40311,220.21,12.2251,82.37,1.0,167.0,167.0,42.89,2.8404,0.0,0.0,0.0,0,0.0,1.98,4.2475,0.0,0.0,0.0,0,0.0,1.98,2.1217,0.0,0.0,0.0,0,0.0,1.0294,3.3432,0.0,0.0,0.0,0,0.0,0.6673,2.3027,0.0,0.0,0.0,0,0.0,0.3988,1.17,0.0,0.0,0.0,0,0.0,0.3342,0.398,0.0,0.0,0.0,0,0.0,0.0,0.5665,0.0,0.0,0.0,0,0.0,0.0
74,60.0,20.5969860855,0.03,0.9938,1,-1,0.2479,-0.7158,0.2542,0.05419,0.0,0.0,2.0,0.0,0.228798,107.61,0.6754,0.3327,0.1327,0.0,0.0,2.25,0.0,2.107628,144.22,-0.2029,0.4495,0.04948,73.575055,0.735751,2.25,0.0,5.688515,185.65,-0.2953,0.4374,0.03741,0.0,0.0,2.0,0.0,2.045308,167.14,-2.5321,0.7195,0.01945,329.699097,3.296991,2.0,0.0,40.18824,239.78,0.7332,0.83,0.12996,0.0,0.0,1.0,0.0,0.676877,174.13,1.2054,0.95,0.05,0.0,0.0,2.75,0.0,5.253877,140.09,0.9949,1.0,0.1,0.0,0.0,2.5,0.0,1.599524,201.6,11.434,63.69,1.0,60.0,60.0,0.0,4.606,0.0,0.0,0.0,0,0.0,0.0,4.0016,0.0,0.0,0.0,0,0.0,0.0,2.6625,0.0,0.0,0.0,0,0.0,0.0,2.4806,0.0,0.0,0.0,0,0.0,0.0,2.2172,0.0,0.0,0.0,0,0.0,0.0,1.5249,0.0,0.0,0.0,0,0.0,0.0,0.4736,0.0,0.0,0.0,0,0.0,0.0,0.4578,0.0,0.0,0.0,0,0.0,0.0
75,60.0,20.5969860855,0.03,0.9938,1,-1,0.2479,0.0359,0.2817,0.0817,0.0,0.0,3.0,0.0,0.143255,277.39,0.3381,0.291,0.09099,0.0,0.0,4.0,0.0,1.089472,268.93,1.338,0.4626,0.06261,0.0,0.0,3.0,0.0,2.21062,99.48,0.2249,0.4574,0.05738,0.0,0.0,2.25,0.0,0.613757,102.37,0.5678,0.7454,0.04537,0.0,0.0,1.0,0.0,0.301755,71.47,0.2853,0.742,0.04204,0.0,0.0,2.0,0.0,1.594506,205.49,0.9668,0.95,0.05,0.0,0.0,3.0,0.0,2.637212,152.38,0.4891,1.0,0.1,58.416978,0.58417,2.5,0.0,1.0505,203.28,13.7904,70.17,1.0,60.0,60.0,0.0,4.4927,0.0,0.0,0.0,0,0.0,0.0,4.186,0.0,0.0,0.0,0,0.0,0.0,2.5357,0.0,0.0,0.0,0,0.0,0.0,1.4639,0.0,0.0,0.0,0,0.0,0.0,1.975,0.0,0.0,0.0,0,0.0,0.0,2.4188,0.0,0.0,0.0,0,0.0,0.0,0.608,0.0,0.0,0.0,0,0.0,0.0,0.2909,0.0,0.0,0.0,0,0.0,0.0
76,60.0,20.5969860855,0.03,0.9937,1,-1,0.2478,-0.0772,0.2712,0.07116,8.273478,0.082735,2.0,0.0,0.130326,249.34,0.0889,0.2789,0.07894,0.0,0.0,2.25,0.0,0.602211,84.58,-3.5868,0.4417,0.0417,357.842912,3.578429,1.75,0.0,35.836591,108.11,0.5006,0.4797,0.07973,0.0,0.0,4.0,0.0,0.743231,201.44,0.798,0.7526,0.05256,0.0,0.0,3.0,0.0,0.435457,159.47,1.3062,0.8228,0.12282,0.0,0.0,1.75,0.0,0.540144,233.03,0.8196,0.95,0.05,0.0,0.0,3.0,0.0,0.818504,275.89,0.4317,0.95,0.05,71.101245,0.711012,2.75,0.0,2.494551,214.73,16.4858,65.52,1.0,60.0,60.0,0.0,3.9148,0.0,0.0,0.0,0,0.0,0.0,4.2302,0.0,0.0,0.0,0,0.0,0.0,3.4161,0.0,0.0,0.0,0,0.0,0.0,2.6611,0.0,0.0,0.0,0,0.0,0.0,2.2827,0.0,0.0,0.0,0,0.0,0.0,1.1517,0.0,0.0,0.0,0,0.0,0.0,0.4719,0.0,0.0,0.0,0,0.0,0.0,0.4543,0.0,0.0,0.0,0,0.0,0.0
77,60.0,20.5969860855,0.03,0.9936,1,-1,0.2478,-0.4936,0.2594,0.0594,0.0,0.0,3.0,0.0,0.10164,105.82,-0.1931,0.31,0.11003,0.0,0.0,4.25,0.0,0.227828,168.9,0.8577,0.4397,0.03972,0.0,0.0,3.25,0.0,0.230838,106.38,0.7493,0.511,0.11095,0.0,0.0,2.25,0.0,1.110157,234.94,0.1619,0.8175,0.11746,104.788544,1.047885,2.5,0.0,1.382791,168.79,2.5788,0.8777,0.17771,8.291745,0.082917,5.75,0.0,6.035453,172.58,-0.4903,1.0,0.1,189.26915,1.892691,3.5,0.0,5.228319,125.78,0.8397,0.95,0.05,0.0,0.0,2.0,0.0,2.086004,285.32,15.3155,64.33,1.0,60.0,60.0,0.0,4.7061,0.0,0.0,0.0,0,0.0,0.0,4.3468,0.0,0.0,0.0,0,0.0,0.0,3.1019,0.0,0.0,0.0,0,0.0,0.0,3.7767,0.0,0.0,0.0,0,0.0,0.0,0.6219,0.0,0.0,0.0,0,0.0,0.0,1.1289,0.0,0.0,0.0,0,0.0,0.0,0.5543,0.0,0.0,0.0,0,0.0,0.0,0.4206,0.0,0.0,0.0,0,0.0,0.0
78,60.0,20.5969860855,0.03,0.9935,1,-1,0.2478,0.3796,0.2738,0.07382,0.0,0.0,3.75,0.0,0.469234,157.05,0.2222,0.2767,0.07672,0.0,0.0,2.5,0.0,0.165134,70.37,1.1159,0.4827,0.0827,0.0,0.0,3.0,0.0,0.877521,273.7,0.6223,0.4636,0.06365,0.0,0.0,2.25,0.0,0.43925,235.82,0.8935,0.7254,0.02542,0.0,0.0,3.0,0.0,0.481924,149.49,0.368,0.851,0.15096,93.422394,0.934224,2.75,0.0,2.431529,238.07,1.1071,0.972,0.07198,0.0,0.0,3.25,0.0,2.054178,115.23,1.0063,0.9675,0.06755,0.0,0.0,2.5,0.0,3.297123,113.38,11.2727,60.68,0.75,60.0,60.0,0.0,4.5171,0.0,0.0,0.0,0,0.0,0.0,4.4778,0.0,0.0,0.0,0,0.0,0.0,2.6053,0.0,0.0,0.0,0,0.0,0.0,2.9845,0.0,0.0,0.0,0,0.0,0.0,1.459,0.0,0.0,0.0,0,0.0,0.0,1.135,0.0,0.0,0.0,0,0.0,0.0,0.3951,0.0,0.0,0.0,0,0.0,0.0,0.3476,0.0,0.0,0.0,0,0.0,0.0
79,60.0,20.5969860855,0.03,0.9934,1,-1,0.2477,0.0969,0.2702,0.07019,0.0,0.0,1.75,0.0,0.113349,194.16,-0.2411,0.3001,0.10014,71.803609,0.718036,4.25,0.0,1.332707,84.35,1.0444,0.5123,0.1123,0.0,0.0,2.5,0.0,0.199687,65.65,0.0511,0.4484,0.0484,0.0,0.0,1.75,0.0,0.907723,323.25,1.1347,0.7771,0.07709,0.0,0.0,2.75,0.0,0.551659,134.27,-0.4642,0.7622,0.06218,178.042229,1.780422,2.75,0.0,6.206999,204.14,0.5921,0.955,0.055,0.0,0.0,1.25,0.0,0.149636,292.85,0.0068,0.9578,0.05776,89.460223,0.894602,2.25,0.0,6.551961,158.55,12.7096,65.96,0.75,60.0,60.0,0.0,3.3453,0.0,0.0,0.0,0,0.0,0.0,2.6711,0.0,0.0,0.0,0,0.0,0.0,2.4964,0.0,0.0,0.0,0,0.0,0.0,4.2476,0.0,0.0,0.0,0,0.0,0.0,1.1893,0.0,0.0,0.0,0,0.0,0.0,1.5614,0.0,0.0,0.0,0,0.0,0.0,0.5525,0.0,0.0,0.0,0,0.0,0.0,0.4431,0.0,0.0,0.0,0,0.0,0.0
80,60.0,20.5969860855,0.03,0.9933,1,-1,0.2477,-1.539,0.2315,0.03151,0.0,0.0,3.25,0.0,3.387414,216.98,-0.3625,0.2917,0.09172,0.0,0.0,3.0,0.0,0.299512,188.15,-1.1785,0.4713,0.07128,176.629225,1.766292,2.5,0.0,8.596813,263.6,0.5112,0.4835,0.08352,0.0,0.0,3.25,0.0,0.088693,256.48,0.9428,0.7523,0.05227,0.0,0.0,3.25,0.0,0.292522,212.72,-1.8921,0.8347,0.1347,304.817645,3.048176,2.0,0.0,8.941599,136.74,0.6308,0.9998,0.09977,89.925034,0.89925,4.0,0.0,1.632918,167.38,0.7277,1.0,0.1,13.284238,0.132842,1.75,0.0,0.254746,83.04,19.2614,65.27,1.0,60.0,60.0,0.0,3.6472,0.0,0.0,0.0,0,0.0,0.0,4.0386,0.0,0.0,0.0,0,0.0,0.0,2.5722,0.0,0.0,0.0,0,0.0,0.0,3.8122,0.0,0.0,0.0,0,0.0,0.0,1.6769,0.0,0.0,0.0,0,0.0,0.0,2.1526,0.0,0.0,0.0,0,0.0,0.0,0.4266,0.0,0.0,0.0,0,0.0,0.0,0.1595,0.0,0.0,0.0,0,0.0,0.0
81,60.0,20.5969860855,0.03,0.9932,1,-1,0.2477,-0.2442,0.2364,0.03641,0.0,0.0,3.5,0.0,0.0732,98.83,1.3171,0.4787,0.27872,0.0,0.0,3.75,0.0,5.424042,253.11,0.5072,0.4514,0.05139,0.0,0.0,3.5,0.0,0.433852,217.69,0.0822,0.4441,0.0441,36.288442,0.362884,2.25,0.0,0.394797,220.15,-2.1023,0.8419,0.14194,319.345932,3.193459,2.0,0.0,12.432252,77.12,0.2376,0.7642,0.06425,87.368079,0.873681,3.0,0.0,1.361888,195.12,0.2949,1.0,0.1,38.229624,0.382296,1.5,0.0,0.379339,133.35,0.279,0.9254,0.02539,0.0,0.0,1.25,0.0,0.767471,234.11,13.9447,62.19,1.0,60.0,60.0,0.0,3.8788,0.0,0.0,0.0,0,0.0,0.0,3.3026,0.0,0.0,0.0,0,0.0,0.0,3.9658,0.0,0.0,0.0,0,0.0,0.0,1.8577,0.0,0.0,0.0,0,0.0,0.0,0.9477,0.0,0.0,0.0,0,0.0,0.0,2.0621,0.0,0.0,0.0,0,0.0,0.0,0.2645,0.0,0.0,0.0,0,0.0,0.0,0.6397,0.0,0.0,0.0,0,0.0,0.0
82,60.0,20.5969860855,0.03,0.9932,1,-1,0.2477,0.7271,0.3295,0.12949,0.0,0.0,3.25,0.0,1.524034,168.84,0.1506,0.242,0.04201,7.197657,0.071977,3.0,0.0,0.410669,159.16,0.0287,0.4258,0.02583,0.0,0.0,3.25,0.0,0.804926,201.48,1.9498,0.5447,0.14471,0.0,0.0,3.5,0.0,10.625634,159.84,-1.0644,0.7339,0.0339,166.247377,1.662474,1.5,0.0,7.463749,170.86,0.4119,0.7356,0.03561,0.0,0.0,3.0,0.0,0.042995,225.2,0.8869,0.9996,0.0996,0.0,0.0,2.25,0.0,1.286384,224.03,0.6297,0.95,0.05,0.0,0.0,1.75,0.0,0.06378,252.37,11.2381,63.06,0.75,60.0,60.0,0.0,4.0304,0.0,0.0,0.0,0,0.0,0.0,3.591,0.0,0.0,0.0,0,0.0,0.0,4.2173,0.0,0.0,0.0,0,0.0,0.0,2.6834,0.0,0.0,0.0,0,0.0,0.0,1.576,0.0,0.0,0.0,0,0.0,0.0,1.6403,0.0,0.0,0.0,0,0.0,0.0,0.4675,0.0,0.0,0.0,0,0.0,0.0,0.4781,0.0,0.0,0.0,0,0.0,0.0
83,60.0,20.5969860855,0.03,0.9931,1,-1,0.2476,-0.4311,0.2427,0.04265,0.0,0.0,1.75,0.0,0.339267,142.09,-0.0553,0.2469,0.04693,0.0,0.0,2.0,0.0,0.153759,318.03,-1.2064,0.459,0.05903,162.319849,1.623198,2.0,0.0,8.537836,85.48,1.6115,0.5368,0.13678,0.0,0.0,3.25,0.0,2.86676,295.31,0.8281,0.8348,0.1348,0.0,0.0,2.5,0.0,0.039627,210.22,1.0482,0.8011,0.10106,0.0,0.0,3.0,0.0,1.294156,232.63,0.7385,0.9399,0.03986,0.0,0.0,2.25,0.0,0.223544,232.67,0.8591,0.9596,0.05957,13.490012,0.1349,2.5,0.0,1.115797,199.04,20.1726,65.06,1.0,60.0,60.0,0.0,3.6653,0.0,0.0,0.0,0,0.0,0.0,4.7078,0.0,0.0,0.0,0,0.0,0.0,3.6096,0.0,0.0,0.0,0,0.0,0.0,2.8306,0.0,0.0,0.0,0,0.0,0.0,1.3788,0.0,0.0,0.0,0,0.0,0.0,1.2236,0.0,0.0,0.0,0,0.0,0.0,0.494,0.0,0.0,0.0,0,0.0,0.0,0.4332,0.0,0.0,0.0,0,0.0,0.0
84,60.0,20.5969860855,0.03,0.993,1,-1,0.2476,-3.8158,0.2276,0.0276,278.076352,2.780764,2.5,0.0,30.625934,142.85,1.3077,0.3608,0.16078,14.674537,0.146745,4.0,0.0,2.835529,210.06,-0.4918,0.4157,0.01566,0.0,0.0,2.0,0.0,0.878326,255.09,0.1805,0.4428,0.04275,0.0,0.0,3.25,0.0,0.728306,201.45,1.1367,0.8576,0.15761,39.911504,0.399115,3.25,0.0,0.418748,148.24,-1.0533,0.7245,0.02452,133.122791,1.331228,1.25,0.0,2.688015,173.93,1.0326,0.9615,0.06152,0.0,0.0,2.75,0.0,1.514192,249.76,0.9762,1.0,0.1,0.0,0.0,2.5,0.0,1.582536,201.32,13.012,58.11,1.0,60.0,60.0,0.0,3.0654,0.0,0.0,0.0,0,0.0,0.0,2.6203,0.0,0.0,0.0,0,0.0,0.0,3.8081,0.0,0.0,0.0,0,0.0,0.0,4.0795,0.0,0.0,0.0,0,0.0,0.0,0.7006,0.0,0.0,0.0,0,0.0,0.0,1.954,0.0,0.0,0.0,0,0.0,0.0,0.6007,0.0,0.0,0.0,0,0.0,0.0,0.4201,0.0,0.0,0.0,0,0.0,0.0
85,60.0,20.5969860855,0.03,0.9929,1,-1,0.2476,0.7389,0.3436,0.14364,0.0,0.0,4.0,0.0,0.866444,184.16,-2.1948,0.22,0.02002,111.891728,1.118917,3.0,0.0,11.166136,217.74,1.1533,0.5683,0.16833,0.0,0.0,4.25,0.0,4.913821,383.86,0.8644,0.6034,0.2034,0.0,0.0,4.25,0.0,0.498705,138.46,0.3244,0.8013,0.10134,0.0,0.0,1.25,0.0,1.2457,161.26,1.7845,0.7988,0.09884,0.0,0.0,4.0,0.0,5.154765,71.15,0.3971,0.9358,0.03576,0.0,0.0,1.5,0.0,1.657141,186.26,0.5975,0.95,0.05,0.0,0.0,1.25,0.0,0.247285,224.1,10.9696,67.13,1.0,60.0,96.58,15.84,3.8229,0.0,0.0,0.0,0,0.0,0.66,4.4581,0.0,0.0,0.0,0,0.0,0.66,3.1708,0.0,0.0,0.0,0,0.0,0.2042,2.0488,0.0,0.0,0.0,0,0.0,0.2007,1.508,0.0,0.0,0.0,0,0.0,0.0847,0.9324,0.0,0.0,0.0,0,0.0,0.0,0.4641,0.0,0.0,0.0,0,0.0,0.0,0.274,0.0,0.0,0.0,0,0.0,0.0
86,86.83616638183594,20.5969860855,0.03,0.9928,1,-1,0.2475,-0.6204,0.2099,0.0099,0.0,0.0,1.25,0.0,0.495508,242.32,-0.4285,0.2558,0.05585,0.0,0.0,3.0,0.0,0.418024,203.59,-0.2076,0.5076,0.10757,0.0,0.0,2.5,0.0,0.815621,158.48,1.3738,0.5362,0.13618,0.0,0.0,3.75,0.0,2.905852,133.9,0.87,0.8071,0.10711,0.0,0.0,2.5,0.0,0.279839,98.08,0.9059,0.7564,0.05642,0.0,0.0,3.25,0.0,0.910665,198.52,-0.2279,0.9941,0.09415,98.008824,0.980088,1.5,0.0,13.253136,179.78,0.3356,0.9519,0.05191,70.065379,0.700654,2.5,0.0,0.925452,77.6,9.0444,83.17,1.0,60.0,86.84,11.62,4.8046,0.0,0.0,0.0,0,0.0,0.66,3.6594,0.0,0.0,0.0,0,0.0,0.66,3.0401,0.0,0.0,0.0,0,0.0,0.14,3.6247,0.0,0.0,0.0,0,0.0,0.0456,1.3861,0.0,0.0,0.0,0,0.0,0.0,1.8287,0.0,0.0,0.0,0,0.0,0.0,0.5065,0.0,0.0,0.0,0,0.0,0.0,0.3681,0.0,0.0,0.0,0,0.0,0.0
87,60.0,20.5969860855,0.03,0.9928,1,-1,0.2475,-0.8505,0.215,0.01496,0.0,0.0,2.0,0.0,0.251725,169.45,0.4919,0.3309,0.13088,0.0,0.0,3.0,0.0,0.537819,233.68,0.5168,0.5035,0.10347,0.0,0.0,1.75,0.0,2.833834,256.94,1.0607,0.5266,0.12655,0.0,0.0,3.0,0.0,0.338887,171.49,0.7767,0.7516,0.05164,0.0,0.0,1.25,0.0,0.424749,174.34,-0.3961,0.7474,0.04737,132.560988,1.32561,1.5,0.0,3.810923,256.5,0.5847,0.95,0.05,54.317423,0.543174,2.75,0.0,1.032219,221.56,-0.0709,0.95,0.05,45.915433,0.459154,0.75,0.0,3.445096,211.03,12.2333,97.52,1.0,60.0,121.69,26.71,3.2982,0.0,0.0,0.0,0,0.0,0.66,3.3014,0.0,0.0,0.0,0,0.0,0.66,4.4605,0.0,0.0,0.0,0,0.0,0.2812,3.6608,0.0,0.0,0.0,0,0.0,0.1368,1.1401,0.0,0.0,0.0,0,0.0,0.1318,0.9382,0.0,0.0,0.0,0,0.0,0.0183,0.5837,0.0,0.0,0.0,0,0.0,0.0,0.4589,0.0,0.0,0.0,0,0.0,0.0
88,60.0,20.5969860855,0.03,0.9927,1,-1,0.2475,0.248,0.3221,0.12208,0.0,0.0,3.5,0.0,0.690034,133.6,-0.8821,0.2356,0.03558,0.0,0.0,2.5,0.0,1.841542,305.9,0.1519,0.4588,0.05885,0.0,0.0,3.25,0.0,1.254012,279.88,0.2686,0.4586,0.05864,0.0,0.0,2.5,0.0,2.21244,67.76,1.4477,0.7398,0.03983,33.127087,0.331271,4.25,0.0,0.719081,62.67,0.7083,0.7377,0.03766,3.135948,0.031359,1.5,0.0,0.308896,119.87,-0.3804,0.9238,0.02384,91.773267,0.917733,1.75,0.0,4.022533,178.52,-0.331,0.95,0.05,50.756674,0.507567,0.75,0.0,12.127212,170.63,11.7182,66.66,1.0,60.0,60.0,0.0,4.5784,0.0,0.0,0.0,0,0.0,0.0,3.7899,0.0,0.0,0.0,0,0.0,0.0,3.5979,0.0,0.0,0.0,0,0.0,0.0,2.9489,0.0,0.0,0.0,0,0.0,0.0,1.0624,0.0,0.0,0.0,0,0.0,0.0,1.5961,0.0,0.0,0.0,0,0.0,0.0,0.6611,0.0,0.0,0.0,0,0.0,0.0,0.6202,0.0,0.0,0.0,0,0.0,0.0
89,60.0,20.5969860855,0.03,0.9926,1,-1,0.2475,-5.2886,0.2278,0.02784,358.053816,3.580538,3.25,0.0,39.324668,181.4,-1.2191,0.2895,0.08953,139.7779,1.397779,3.25,0.0,8.508924,125.38,1.3709,0.5423,0.14235,0.0,0.0,2.75,0.0,8.3897,164.49,0.2768,0.4622,0.06215,0.0,0.0,2.25,0.0,1.38285,169.85,1.1408,0.7842,0.08421,0.0,0.0,3.25,0.0,0.305211,244.76,-0.9566,0.7615,0.06153,154.168684,1.541687,3.25,0.0,2.19077,199.6,0.3127,0.9329,0.03287,12.826411,0.128264,1.0,0.0,0.085806,242.52,0.5501,0.95,0.05,0.0,0.0,1.25,0.0,0.061702,273.25,22.187,62.62,1.0,60.0,60.0,0.0,4.5445,0.0,0.0,0.0,0,0.0,0.0,4.5941,0.0,0.0,0.0,0,0.0,0.0,1.9598,0.0,0.0,0.0,0,0.0,0.0,3.5708,0.0,0.0,0.0,0,0.0,0.0,1.7762,0.0,0.0,0.0,0,0.0,0.0,1.7624,0.0,0.0,0.0,0,0.0,0.0,0.6933,0.0,0.0,0.0,0,0.0,0.0,0.3566,0.0,0.0,0.0,0,0.0,0.0
90,60.0,20.5969860855,0.03,0.9925,1,-1,0.2474,1.472,0.359,0.15898,0.0,0.0,6.0,0.0,4.184973,200.89,0.0273,0.2654,0.06539,0.0,0.0,3.5,0.0,0.168375,224.54,0.6019,0.4896,0.08957,0.0,0.0,4.25,0.0,0.198702,274.72,1.0819,0.5282,0.12816,0.0,0.0,3.0,0.0,0.63916,176.63,0.9495,0.854,0.15396,0.0,0.0,2.25,0.0,0.501199,207.91,-0.7329,0.8326,0.13261,90.498136,0.904981,0.5,0.0,1.252954,213.9,-0.0219,0.9467,0.04675,98.078003,0.98078,2.25,0.0,3.099017,77.57,0.8336,0.95,0.05,0.0,0.0,2.75,0.0,1.612194,170.0,15.4007,106.23,1.0,60.0,143.84,36.31,3.7961,0.0,0.0,0.0,0,0.0,0.66,4.2756,0.0,0.0,0.0,0,0.0,0.66,3.9039,0.0,0.0,0.0,0,0.0,0.4345,2.6685,0.0,0.0,0.0,0,0.0,0.3662,0.7491,0.0,0.0,0.0,0,0.0,0.0,1.1053,0.0,0.0,0.0,0,0.0,0.0472,0.0776,0.0,0.0,0.0,0,0.0,0.0,0.5261,0.0,0.0,0.0,0,0.0,0.0
91,60.0,20.5969860855,0.03,0.9924,1,-1,0.2474,-0.1769,0.234,0.03399,0.0,0.0,2.5,0.0,0.809172,224.88,-1.202,0.3307,0.13074,136.357623,1.363576,2.25,0.0,2.727017,199.58,-0.2042,0.4612,0.06123,0.0,0.0,2.0,0.0,1.399139,204.16,0.3621,0.4521,0.05213,0.0,0.0,1.75,0.0,2.323428,191.31,1.0861,0.7703,0.07025,0.0,0.0,2.5,0.0,0.146378,155.84,0.0458,0.7306,0.03062,0.0,0.0,1.25,0.0,0.070876,220.54,1.2266,0.9182,0.01819,0.0,0.0,3.25,0.0,10.303514,279.77,1.2691,0.9772,0.07716,21.367623,0.213676,4.0,0.0,4.612265,163.49,8.4147,67.24,1.0,141.21,141.21,35.17,3.9167,0.0,0.0,0.0,0,0.0,0.66,2.3283,0.0,0.0,0.0,0,0.0,0.66,3.8851,0.0,0.0,0.0,0,0.0,0.4151,2.6307,0.0,0.0,0.0,0,0.0,0.4053,0.5994,0.0,0.0,0.0,0,0.0,0.0859,2.3939,0.0,0.0,0.0,0,0.0,0.064,0.7301,0.0,0.0,0.0,0,0.0,0.0,0.6697,0.0,0.0,0.0,0,0.0,0.0
92,60.0,20.5969860855,0.03,0.9923,1,-1,0.2474,1.2944,0.3645,0.1645,0.0,0.0,4.0,0.0,3.491678,141.53,1.0787,0.2911,0.09115,0.0,0.0,3.5,0.0,2.362957,154.55,1.1686,0.5446,0.14464,0.0,0.0,3.5,0.0,0.914575,302.51,0.9952,0.4958,0.0958,3.647594,0.036476,3.25,0.0,0.471999,153.4,0.8327,0.7621,0.06208,0.0,0.0,3.5,0.0,0.114105,162.41,1.5115,0.7906,0.09059,0.0,0.0,3.25,0.0,3.843355,165.81,0.567,1.0,0.1,44.972802,0.449728,3.25,0.0,1.499353,73.03,0.6305,0.939,0.039,0.0,0.0,2.25,0.0,0.073387,60.0,12.805,71.09,1.0,60.0,78.05,7.82,3.026,0.0,0.0,0.0,0,0.0,0.66,4.3823,0.0,0.0,0.0,0,0.0,0.66,3.361,0.0,0.0,0.0,0,0.0,0.151,3.232,0.0,0.0,0.0,0,0.0,0.2654,1.5095,0.0,0.0,0.0,0,0.0,0.0362,1.5252,0.0,0.0,0.0,0,0.0,0.0,0.2112,0.0,0.0,0.0,0,0.0,0.0,0.2819,0.0,0.0,0.0,0,0.0,0.0
93,60.0,20.5969860855,0.03,0.9922,1,-1,0.2473,-0.4241,0.2718,0.0718,48.333618,0.483336,3.75,0.0,0.174781,222.44,0.5369,0.3704,0.17043,0.0,0.0,3.25,0.0,1.223353,204.55,1.3484,0.6023,0.20231,0.0,0.0,3.5,0.0,1.350776,197.28,0.0057,0.4418,0.04182,0.0,0.0,1.5,0.0,2.738409,61.65,1.5827,0.9055,0.20546,0.0,0.0,4.25,0.0,1.053968,312.89,1.0395,0.7713,0.07127,0.0,0.0,2.75,0.0,1.820348,302.75,-0.3832,0.95,0.05,119.836501,1.198365,2.75,0.0,2.569792,100.75,1.2329,0.9423,0.0423,0.0,0.0,3.25,0.0,4.321594,152.85,13.7126,67.36,1.0,60.0,60.0,0.0,3.4944,0.0,0.0,0.0,0,0.0,0.0,4.0041,0.0,0.0,0.0,0,0.0,0.0,2.8959,0.0,0.0,0.0,0,0.0,0.0,3.4185,0.0,0.0,0.0,0,0.0,0.0,1.1176,0.0,0.0,0.0,0,0.0,0.0,1.2807,0.0,0.0,0.0,0,0.0,0.0,0.868,0.0,0.0,0.0,0,0.0,0.0,0.581,0.0,0.0,0.0,0,0.0,0.0
94,159.64181518554688,19.690718697738,0.03,0.9922,1,-1,0.2473,-0.2867,0.2683,0.06829,0.0,0.0,2.4,0.0,0.160532,241.5,-3.8446,0.2524,0.05243,383.068206,3.830682,3.0,0.0,28.164517,209.46,0.9783,0.5447,0.14473,0.0,0.0,5.6,0.0,0.609646,205.53,-0.0715,0.5055,0.10548,86.067487,0.860675,2.6,0.0,5.62553,184.64,1.1417,0.8295,0.12947,0.0,0.0,3.6,0.0,0.150007,228.55,0.4243,0.7532,0.0532,0.0,0.0,1.4,0.0,0.123801,291.25,-1.4449,0.95,0.05,261.457353,2.614574,2.8,0.0,16.393457,168.28,0.6526,0.9864,0.08639,0.0,0.0,2.2,0.0,0.310162,104.3,19.3452,95.64,1.0,67.74,159.64,39.2,4.0822,0.0,0.0,0.0,0,0.0,1.32,3.8186,0.0,0.0,0.0,0,0.0,1.32,3.5037,0.0,0.0,0.0,0,0.0,0.5124,2.6973,0.0,0.0,0.0,0,0.0,0.6419,1.0274,0.0,0.0,0.0,0,0.0,0.1415,2.0592,0.0,0.0,0.0,0,0.0,0.1107,0.5382,0.0,0.0,0.0,0,0.0,0.0,0.3687,0.0,0.0,0.0,0,0.0,0.0
95,60.0,19.690718697738,0.03,0.9921,1,-1,0.2473,1.03,0.4062,0.20615,0.0,0.0,3.4,0.0,2.605371,90.91,0.5836,0.2925,0.09246,0.0,0.0,3.2,0.0,2.031796,197.21,1.1778,0.5171,0.1171,0.0,0.0,3.0,0.0,1.866954,60.0,0.8823,0.5029,0.10288,0.0,0.0,2.6,0.0,0.601496,129.37,1.5298,0.7701,0.0701,0.0,0.0,3.8,0.0,0.572429,217.47,-0.9457,0.8098,0.10976,232.294604,2.322946,2.2,0.0,5.059036,215.5,-1.023,0.9943,0.09431,171.754069,1.717541,1.4,0.0,6.829805,88.11,2.3054,1.0,0.1,0.0,0.0,4.8,0.0,16.91588,114.68,20.887,68.31,1.0,60.0,60.0,0.0,2.9115,0.0,0.0,0.0,0,0.0,0.0,3.864,0.0,0.0,0.0,0,0.0,0.0,2.0635,0.0,0.0,0.0,0,0.0,0.0,3.347,0.0,0.0,0.0,0,0.0,0.0,1.2,0.0,0.0,0.0,0,0.0,0.0,2.1234,0.0,0.0,0.0,0,0.0,0.0,0.5888,0.0,0.0,0.0,0,0.0,0.0,0.3187,0.0,0.0,0.0,0,0.0,0.0
96,60.0,19.690718697738,0.03,0.992,1,-1,0.2473,-1.8188,0.2814,0.08145,131.312539,1.313125,2.4,0.0,3.054243,78.7,-3.4319,0.2054,0.00542,183.809652,1.838097,1.4,0.0,12.140264,214.5,-2.2585,0.4601,0.06013,245.63656,2.456366,1.4,0.0,16.810947,127.74,0.7512,0.4541,0.05413,0.0,0.0,2.8,0.0,0.766715,178.47,1.2728,0.7974,0.09737,0.0,0.0,2.0,0.0,0.475389,142.27,1.5305,0.8568,0.15682,0.0,0.0,4.2,0.0,1.881731,388.27,0.3351,0.9475,0.04751,65.181355,0.651814,3.0,0.0,0.601819,174.18,0.5565,0.9884,0.08836,45.504871,0.455049,1.8,0.0,4.036408,181.91,24.2192,67.27,1.0,60.0,60.0,0.0,4.5024,0.0,0.0,0.0,0,0.0,0.0,4.0345,0.0,0.0,0.0,0,0.0,0.0,3.0955,0.0,0.0,0.0,0,0.0,0.0,3.0421,0.0,0.0,0.0,0,0.0,0.0,1.6905,0.0,0.0,0.0,0,0.0,0.0,1.2154,0.0,0.0,0.0,0,0.0,0.0,0.5239,0.0,0.0,0.0,0,0.0,0.0,0.4705,0.0,0.0,0.0,0,0.0,0.0
97,60.0,19.690718697738,0.03,0.9919,1,-1,0.2472,-1.4779,0.2295,0.02947,0.0,0.0,1.4,0.0,2.889177,170.08,-8.4308,0.4127,0.21268,852.846465,8.528465,1.6,0.0,55.820744,96.84,-0.4281,0.4281,0.02814,0.0,0.0,1.4,0.0,2.877302,207.24,0.5201,0.5797,0.17974,76.933854,0.769339,2.4,0.0,1.429915,87.13,0.8764,0.7489,0.04885,0.0,0.0,1.6,0.0,0.405552,273.18,0.3794,0.7278,0.02784,0.0,0.0,2.2,0.0,0.049846,206.6,0.6602,1.0,0.1,0.0,0.0,1.0,0.0,2.319492,204.34,0.7185,0.9883,0.0883,0.0,0.0,1.2,0.0,1.100289,73.8,17.4654,64.85,1.0,60.0,60.0,0.0,4.0238,0.0,0.0,0.0,0,0.0,0.0,3.668,0.0,0.0,0.0,0,0.0,0.0,3.5015,0.0,0.0,0.0,0,0.0,0.0,2.1694,0.0,0.0,0.0,0,0.0,0.0,2.0341,0.0,0.0,0.0,0,0.0,0.0,2.1109,0.0,0.0,0.0,0,0.0,0.0,0.2109,0.0,0.0,0.0,0,0.0,0.0,0.2579,0.0,0.0,0.0,0,0.0,0.0
98,60.0,19.690718697738,0.03,0.9918,1,-1,0.2472,-0.996,0.2263,0.02625,0.0,0.0,3.2,0.0,0.286228,140.87,0.6041,0.2939,0.09391,4.427097,0.044271,3.6,0.0,3.334297,210.76,0.1629,0.4635,0.06346,0.0,0.0,1.6,0.0,1.514278,125.86,1.527,0.5707,0.1707,0.0,0.0,3.0,0.0,4.23045,205.22,-2.9606,0.7456,0.04562,371.923177,3.719232,1.8,0.0,36.530872,180.77,1.7171,0.886,0.18599,0.0,0.0,2.8,0.0,2.456626,137.96,1.2494,0.9908,0.0908,0.0,0.0,2.4,0.0,7.819389,254.13,1.1144,0.9913,0.09131,0.0,0.0,2.0,0.0,0.285217,173.36,16.3276,63.78,1.0,60.0,60.0,0.0,3.1208,0.0,0.0,0.0,0,0.0,0.0,3.9425,0.0,0.0,0.0,0,0.0,0.0,3.7739,0.0,0.0,0.0,0,0.0,0.0,2.7936,0.0,0.0,0.0,0,0.0,0.0,1.5576,0.0,0.0,0.0,0,0.0,0.0,1.16,0.0,0.0,0.0,0,0.0,0.0,0.4666,0.0,0.0,0.0,0,0.0,0.0,0.4546,0.0,0.0,0.0,0,0.0,0.0
99,60.0,19.690718697738,0.03,0.9918,1,-1,0.2472,-0.2079,0.3636,0.1636,0.0,0.0,2.4,0.0,1.109943,189.01,-0.8084,0.3272,0.12719,0.0,0.0,1.4,0.0,0.627924,300.2,0.137,0.5171,0.11709,0.0,0.0,1.6,0.0,0.088661,176.25,-8.5863,0.5273,0.12731,996.498141,9.964981,3.0,0.0,107.335154,84.57,1.5307,0.7662,0.06617,0.0,0.0,4.0,0.0,0.519234,212.96,1.5379,0.7858,0.08582,14.473975,0.14474,3.2,0.0,1.778901,214.77,0.641,1.0,0.1,21.410308,0.214103,1.6,0.0,0.77149,306.99,1.0998,0.9877,0.08773,0.0,0.0,2.2,0.0,0.160297,238.8,15.8591,71.38,1.0,60.0,100.27,16.11,4.0061,0.0,0.0,0.0,0,0.0,0.66,3.9276,0.0,0.0,0.0,0,0.0,0.66,3.2602,0.0,0.0,0.0,0,0.0,0.1802,1.8315,0.0,0.0,0.0,0,0.0,0.253,1.5323,0.0,0.0,0.0,0,0.0,0.1007,1.8331,0.0,0.0,0.0,0,0.0,0.1405,0.6072,0.0,0.0,0.0,0,0.0,0.0,0.2841,0.0,0.0,0.0,0,0.0,0.0
